nodeID,nodeLabel,group_or_role,sail,cohort,cabin_no,age,gender
32058122C,32058122C,C,1,MARINE,,,
3202A122C,3202A122C,C,1,MARINE,,,
32491122C,32491122C,C,1,MARINE,,,
31EE5122C,31EE5122C,C,1,MARINE,,,
3219E122C,3219E122C,C,1,MARINE,,,
3229F122C,3229F122C,C,1,MARINE,,,
30072122C,30072122C,C,1,MARINE,,,
2FD82122C,2FD82122C,C,1,MARINE,,,
32399122C,32399122C,C,1,MARINE,,,
323AA122C,323AA122C,C,1,MARINE,,,
32326122C,32326122C,C,1,MARINE,,,
322A2122C,322A2122C,C,1,MARINE,,,
3221C122C,3221C122C,C,1,MARINE,,,
31ED3122C,31ED3122C,C,1,MARINE,,,
31FAB122C,31FAB122C,C,1,MARINE,,,
322A5122C,322A5122C,C,1,MARINE,,,
3284D122C,3284D122C,C,1,MARINE,,,
3284E122C,3284E122C,C,1,MARINE,,,
32027122C,32027122C,C,1,MARINE,,,
321A7122C,321A7122C,C,1,MARINE,,,
325C6122C,325C6122C,C,1,MARINE,,,
3218D122C,3218D122C,C,1,MARINE,,,
31E58122C,31E58122C,C,1,MARINE,,,
3213A122C,3213A122C,C,1,MARINE,,,
3271B122C,3271B122C,C,1,MARINE,,,
2F7C6122C,2F7C6122C,C,1,MARINE,,,
31F25122C,31F25122C,C,1,MARINE,,,
2FE32122C,2FE32122C,C,1,MARINE,,,
322A1122C,322A1122C,C,1,MARINE,,,
31F6E122C,31F6E122C,C,1,MARINE,,,
32852122C,32852122C,C,1,MARINE,,,
31EDB122C,31EDB122C,C,1,MARINE,,,
3218B122C,3218B122C,C,1,MARINE,,,
31E4F122C,31E4F122C,C,1,MARINE,,,
2FBC5122C,2FBC5122C,C,1,MARINE,,,
31ED5122C,31ED5122C,C,1,MARINE,,,
2FFE3122C,2FFE3122C,C,1,MARINE,,,
32653122C,32653122C,C,1,MARINE,,,
320E6122C,320E6122C,C,1,MARINE,,,
3242E122C,3242E122C,C,1,MARINE,,,
320E8122C,320E8122C,C,1,MARINE,,,
32229122C,32229122C,C,1,MARINE,,,
3222A122C,3222A122C,C,1,MARINE,,,
31F64122C,31F64122C,C,1,MARINE,,,
32029122C,32029122C,C,1,MARINE,,,
32435122C,32435122C,C,1,MARINE,,,
32649122C,32649122C,C,1,MARINE,,,
324B6122C,324B6122C,C,1,MARINE,,,
32495122C,32495122C,C,1,MARINE,,,
3230F122C,3230F122C,C,1,MARINE,,,
321A5122C,321A5122C,C,1,MARINE,,,
3204C122C,3204C122C,C,1,MARINE,,,
32188122C,32188122C,C,1,MARINE,,,
3250D122C,3250D122C,C,1,MARINE,,,
320B6122C,320B6122C,C,1,MARINE,,,
2EB7C122C,2EB7C122C,C,1,MARINE,,,
31E50122C,31E50122C,C,1,MARINE,,,
3222D122C,3222D122C,C,1,MARINE,,,
2EE1B122C,2EE1B122C,C,1,MARINE,,,
3259C122C,3259C122C,C,1,MARINE,,,
3241A122C,3241A122C,C,1,MARINE,,,
324B7122C,324B7122C,C,1,MARINE,,,
32230122C,32230122C,C,1,MARINE,,,
32134122C,32134122C,C,1,MARINE,,,
321A4122C,321A4122C,C,1,MARINE,,,
3229E122C,3229E122C,C,1,MARINE,,,
32493122C,32493122C,C,1,MARINE,,,
3239C122C,3239C122C,C,1,MARINE,,,
32213122C,32213122C,C,1,MARINE,,,
32026122C,32026122C,C,1,MARINE,,,
32320122C,32320122C,C,1,MARINE,,,
3219F122C,3219F122C,C,1,MARINE,,,
32125122C,32125122C,C,1,MARINE,,,
3259B122C,3259B122C,C,1,MARINE,,,
3248C122C,3248C122C,C,1,MARINE,,,
320E4122C,320E4122C,C,1,MARINE,,,
32233122C,32233122C,C,1,MARINE,,,
3219D122C,3219D122C,C,1,MARINE,,,
3221A122C,3221A122C,C,1,MARINE,,,
325C1122C,325C1122C,C,1,MARINE,,,
2EB1E122C,2EB1E122C,C,1,MARINE,,,
32190122C,32190122C,C,1,MARINE,,,
3229B122C,3229B122C,C,1,MARINE,,,
3239A122C,3239A122C,C,1,MARINE,,,
31F68122C,31F68122C,C,1,MARINE,,,
31F29122C,31F29122C,C,1,MARINE,,,
32123122C,32123122C,C,1,MARINE,,,
32432122C,32432122C,C,1,MARINE,,,
3222C122C,3222C122C,C,1,MARINE,,,
3221B122C,3221B122C,C,1,MARINE,,,
323A0122C,323A0122C,C,1,MARINE,,,
32325122C,32325122C,C,1,MARINE,,,
32398122C,32398122C,C,1,MARINE,,,
320E3122C,320E3122C,C,1,MARINE,,,
32798122C,32798122C,C,1,MARINE,,,
3242D122C,3242D122C,C,1,MARINE,,,
322A0122C,322A0122C,C,1,MARINE,,,
322A7122C,322A7122C,C,1,MARINE,,,
32415122C,32415122C,C,1,MARINE,,,
3229D122C,3229D122C,C,1,MARINE,,,
320E2122C,320E2122C,C,1,MARINE,,,
32216122C,32216122C,C,1,MARINE,,,
3211B122C,3211B122C,C,1,MARINE,,,
32232122C,32232122C,C,1,MARINE,,,
323A6122C,323A6122C,C,1,MARINE,,,
3239D122C,3239D122C,C,1,MARINE,,,
327CB122C,327CB122C,C,1,MARINE,,,
32299122C,32299122C,C,1,MARINE,,,
324B9122C,324B9122C,C,1,MARINE,,,
324B2122C,324B2122C,C,1,MARINE,,,
32853122C,32853122C,C,1,MARINE,,,
32327122C,32327122C,C,1,MARINE,,,
3205D122C,3205D122C,C,1,MARINE,,,
31FAE122C,31FAE122C,C,1,MARINE,,,
326B1122C,326B1122C,C,1,MARINE,,,
30073122C,30073122C,C,1,MARINE,,,
3241D122C,3241D122C,C,1,MARINE,,,
32297122C,32297122C,C,1,MARINE,,,
3232A122C,3232A122C,C,1,MARINE,,,
3248D122C,3248D122C,C,1,MARINE,,,
32211122C,32211122C,C,1,MARINE,,,
2F63A122C,2F63A122C,C,1,MARINE,,,
3288B122C,3288B122C,C,1,MARINE,,,
324AE122C,324AE122C,C,1,MARINE,,,
31FA5122C,31FA5122C,C,1,MARINE,,,
31F2B122C,31F2B122C,C,1,MARINE,,,
32022122C,32022122C,C,1,MARINE,,,
31FA9122C,31FA9122C,C,1,MARINE,,,
3229C122C,3229C122C,C,1,MARINE,,,
3213D122C,3213D122C,C,1,MARINE,,,
3213E122C,3213E122C,C,1,MARINE,,,
3248A122C,3248A122C,C,1,MARINE,,,
31FD7122C,31FD7122C,C,1,MARINE,,,
3202C122C,3202C122C,C,1,MARINE,,,
3280C122C,3280C122C,C,1,MARINE,,,
32312122C,32312122C,C,1,MARINE,,,
32436122C,32436122C,C,1,MARINE,,,
3218E122C,3218E122C,C,1,MARINE,,,
31FD3122C,31FD3122C,C,1,MARINE,,,
2ECFB122C,2ECFB122C,C,1,MARINE,,,
3000F122C,3000F122C,C,1,MARINE,,,
2F394122C,2F394122C,C,1,MARINE,,,
2FD75122C,2FD75122C,C,1,MARINE,,,
2FFDE122C,2FFDE122C,C,1,MARINE,,,
2FC95122C,2FC95122C,C,1,MARINE,,,
2FE35122C,2FE35122C,C,1,MARINE,,,
2FE33122C,2FE33122C,C,1,MARINE,,,
2FE83122C,2FE83122C,C,1,MARINE,,,
30103122C,30103122C,C,1,MARINE,,,
2FF54122C,2FF54122C,C,1,MARINE,,,
2F0D4122C,2F0D4122C,C,1,MARINE,,,
2EBCC122C,2EBCC122C,C,1,MARINE,,,
2EC06122C,2EC06122C,C,1,MARINE,,,
2F2F7122C,2F2F7122C,C,1,MARINE,,,
300F8122C,300F8122C,C,1,MARINE,,,
2FF09122C,2FF09122C,C,1,MARINE,,,
2FF92122C,2FF92122C,C,1,MARINE,,,
30018122C,30018122C,C,1,MARINE,,,
2F3FD122C,2F3FD122C,C,1,MARINE,,,
2ED9A122C,2ED9A122C,C,1,MARINE,,,
2F84F122C,2F84F122C,C,1,GAMING,,,
2FC27122C,2FC27122C,C,1,GAMING,,,
2FCFE122C,2FCFE122C,C,1,GAMING,,,
2F582122C,2F582122C,C,1,GAMING,,,
2F956122C,2F956122C,C,1,GAMING,,,
2F69E122C,2F69E122C,C,1,GAMING,,,
2FD86122C,2FD86122C,C,1,GAMING,,,
2FA03122C,2FA03122C,C,1,GAMING,,,
2FD18122C,2FD18122C,C,1,GAMING,,,
3000E122C,3000E122C,C,1,GAMING,,,
2FEC8122C,2FEC8122C,C,1,GAMING,,,
2F955122C,2F955122C,C,1,GAMING,,,
2F7C9122C,2F7C9122C,C,1,GAMING,,,
2FD8A122C,2FD8A122C,C,1,GAMING,,,
2FE38122C,2FE38122C,C,1,GAMING,,,
2FE37122C,2FE37122C,C,1,GAMING,,,
30070122C,30070122C,C,1,GAMING,,,
2FD85122C,2FD85122C,C,1,GAMING,,,
2F7CE122C,2F7CE122C,C,1,GAMING,,,
2FCB2122C,2FCB2122C,C,1,GAMING,,,
2F6AE122C,2F6AE122C,C,1,GAMING,,,
2FDAA122C,2FDAA122C,C,1,GAMING,,,
2FC28122C,2FC28122C,C,1,GAMING,,,
2EB52122C,2EB52122C,C,1,GAMING,,,
2F8E9122C,2F8E9122C,C,1,GAMING,,,
2FD16122C,2FD16122C,C,1,GAMING,,,
2FCFA122C,2FCFA122C,C,1,GAMING,,,
2EBD1122C,2EBD1122C,C,1,GAMING,,,
2FC0F122C,2FC0F122C,C,1,GAMING,,,
300A5122C,300A5122C,C,1,GAMING,,,
2FE8A122C,2FE8A122C,C,1,GAMING,,,
2555C122B,2555C122B,C,1,GAMING,,,
2FC9A122C,2FC9A122C,C,1,GAMING,,,
2F6A8122C,2F6A8122C,C,1,GAMING,,,
2FEC6122C,2FEC6122C,C,1,GAMING,,,
2F953122C,2F953122C,C,1,GAMING,,,
2EBC0122C,2EBC0122C,C,1,GAMING,,,
2FBF9122C,2FBF9122C,C,1,GAMING,,,
2FD84122C,2FD84122C,C,1,GAMING,,,
326B3122C,326B3122C,C,1,GAMING,,,
2FBC6122C,2FBC6122C,C,1,GAMING,,,
2FE86122C,2FE86122C,C,1,GAMING,,,
2F69C122C,2F69C122C,C,1,GAMING,,,
2FD89122C,2FD89122C,C,1,GAMING,,,
2FF98122C,2FF98122C,C,1,GAMING,,,
2FFE6122C,2FFE6122C,C,1,GAMING,,,
300FD122C,300FD122C,C,1,GAMING,,,
2FDF4122C,2FDF4122C,C,1,GAMING,,,
2F6AC122C,2F6AC122C,C,1,GAMING,,,
2F852122C,2F852122C,C,1,GAMING,,,
30012122C,30012122C,C,1,GAMING,,,
2FE31122C,2FE31122C,C,1,GAMING,,,
2FD02122C,2FD02122C,C,1,GAMING,,,
2FD0E122C,2FD0E122C,C,1,GAMING,,,
2F973122C,2F973122C,C,1,GAMING,,,
2FE3A122C,2FE3A122C,C,1,GAMING,,,
2F7C8122C,2F7C8122C,C,1,GAMING,,,
31FFD122C,31FFD122C,C,1,GAMING,,,
2FDA8122C,2FDA8122C,C,1,GAMING,,,
2EBF5122C,2EBF5122C,C,1,GAMING,,,
2F8D4122C,2F8D4122C,C,1,GAMING,,,
2F85B122C,2F85B122C,C,1,GAMING,,,
2FCA7122C,2FCA7122C,C,1,GAMING,,,
326AA122C,326AA122C,C,1,GAMING,,,
2F8DF122C,2F8DF122C,C,1,GAMING,,,
2F69F122C,2F69F122C,C,1,GAMING,,,
2FF04122C,2FF04122C,C,1,GAMING,,,
2FF59122C,2FF59122C,C,1,GAMING,,,
2FF03122C,2FF03122C,C,1,GAMING,,,
2F631122C,2F631122C,C,1,GAMING,,,
3262E122C,3262E122C,C,1,GAMING,,,
2F8D6122C,2F8D6122C,C,1,GAMING,,,
2FD72122C,2FD72122C,C,1,GAMING,,,
2F6A4122C,2F6A4122C,C,1,GAMING,,,
2FCAC122C,2FCAC122C,C,1,GAMING,,,
2F9DA122C,2F9DA122C,C,1,GAMING,,,
2FC97122C,2FC97122C,C,1,GAMING,,,
2F958122C,2F958122C,C,1,GAMING,,,
2F583122C,2F583122C,C,1,GAMING,,,
3213C122C,3213C122C,C,1,GAMING,,,
2F84E122C,2F84E122C,C,1,GAMING,,,
2F7B9122C,2F7B9122C,C,1,GAMING,,,
2FD15122C,2FD15122C,C,1,GAMING,,,
2EC00122C,2EC00122C,C,1,GAMING,,,
2FBA6122C,2FBA6122C,C,1,GAMING,,,
2FC90122C,2FC90122C,C,1,GAMING,,,
2FDAC122C,2FDAC122C,C,1,GAMING,,,
2F630122C,2F630122C,C,1,GAMING,,,
2FC2B122C,2FC2B122C,C,1,GAMING,,,
2FCAF122C,2FCAF122C,C,1,GAMING,,,
2FBA5122C,2FBA5122C,C,1,GAMING,,,
2F7CB122C,2F7CB122C,C,1,GAMING,,,
2FDF0122C,2FDF0122C,C,1,GAMING,,,
2F6A2122C,2F6A2122C,C,1,GAMING,,,
2F8D3122C,2F8D3122C,C,1,GAMING,,,
2F6A6122C,2F6A6122C,C,1,GAMING,,,
2FE36122C,2FE36122C,C,1,GAMING,,,
2EDFA122C,2EDFA122C,C,1,GAMING,,,
2F8E3122C,2F8E3122C,C,1,GAMING,,,
2FED3122C,2FED3122C,C,1,GAMING,,,
2FD8D122C,2FD8D122C,C,1,GAMING,,,
2EC02122C,2EC02122C,C,1,GAMING,,,
2FDE2122C,2FDE2122C,C,1,GAMING,,,
2FE3C122C,2FE3C122C,C,1,GAMING,,,
30132122C,30132122C,C,1,GAMING,,,
2F6A5122C,2F6A5122C,C,1,GAMING,,,
2F858122C,2F858122C,C,1,GAMING,,,
2F96C122C,2F96C122C,C,1,GAMING,,,
2F8D9122C,2F8D9122C,C,1,GAMING,,,
3204D122C,3204D122C,C,1,GAMING,,,
2ECF5122C,2ECF5122C,C,1,GAMING,,,
3250E122C,3250E122C,C,1,GAMING,,,
2FD17122C,2FD17122C,C,1,GAMING,,,
325BE122C,325BE122C,C,1,GAMING,,,
2EC91122C,2EC91122C,C,1,GAMING,,,
2F6AA122C,2F6AA122C,C,1,GAMING,,,
2F972122C,2F972122C,C,1,GAMING,,,
2FCB0122C,2FCB0122C,C,1,GAMING,,,
2FC93122C,2FC93122C,C,1,GAMING,,,
31C02122C,31C02122C,C,1,GAMING,,,
2F971122C,2F971122C,C,1,GAMING,,,
31F2E122C,31F2E122C,C,1,GAMING,,,
2F974122C,2F974122C,C,1,GAMING,,,
31CD7122C,31CD7122C,C,1,GAMING,,,
2FC2E122C,2FC2E122C,C,1,GAMING,,,
2F7B5122C,2F7B5122C,C,1,GAMING,,,
2F8E2122C,2F8E2122C,C,1,GAMING,,,
2F96E122C,2F96E122C,C,1,GAMING,,,
2F7CA122C,2F7CA122C,C,1,GAMING,,,
2F9F8122C,2F9F8122C,C,1,GAMING,,,
30136122C,30136122C,C,1,GAMING,,,
2EE20122C,2EE20122C,C,1,GAMING,,,
2FE88122C,2FE88122C,C,1,GAMING,,,
2F95C122C,2F95C122C,C,1,GAMING,,,
2F637122C,2F637122C,C,1,GAMING,,,
2F5A5122C,2F5A5122C,C,1,GAMING,,,
2FD11122C,2FD11122C,C,1,GAMING,,,
2EBD7122C,2EBD7122C,C,1,GAMING,,,
2FDA4122C,2FDA4122C,C,1,GAMING,,,
30071122C,30071122C,C,1,GAMING,,,
2FE8B122C,2FE8B122C,C,1,GAMING,,,
2FF07122C,2FF07122C,C,1,GAMING,,,
2FDAD122C,2FDAD122C,C,1,GAMING,,,
2FD8C122C,2FD8C122C,C,1,GAMING,,,
2F5B2122C,2F5B2122C,C,1,GAMING,,,
30016122C,30016122C,C,1,GAMING,,,
2F8E6122C,2F8E6122C,C,1,GAMING,,,
2F392122C,2F392122C,C,1,GAMING,,,
300A0122C,300A0122C,C,1,GAMING,,,
2F851122C,2F851122C,C,1,GAMING,,,
2FF90122C,2FF90122C,C,1,GAMING,,,
2F580122C,2F580122C,C,1,GAMING,,,
2FCAD122C,2FCAD122C,C,1,GAMING,,,
2F8DB122C,2F8DB122C,C,1,GAMING,,,
2F957122C,2F957122C,C,1,GAMING,,,
2F6A3122C,2F6A3122C,C,1,GAMING,,,
2F96D122C,2F96D122C,C,1,GAMING,,,
2F0C2122C,2F0C2122C,C,1,GAMING,,,
2FBC4122C,2FBC4122C,C,1,GAMING,,,
2FF08122C,2FF08122C,C,1,GAMING,,,
2EBF9122C,2EBF9122C,C,1,GAMING,,,
2FF0B122C,2FF0B122C,C,1,GAMING,,,
2FC92122C,2FC92122C,C,1,GAMING,,,
2FED0122C,2FED0122C,C,1,CAGE & SURV,,,
2FFE7122C,2FFE7122C,C,1,CAGE & SURV,,,
2FD88122C,2FD88122C,C,1,CAGE & SURV,,,
2F699122C,2F699122C,C,1,CAGE & SURV,,,
3001A122C,3001A122C,C,1,CAGE & SURV,,,
2FD19122C,2FD19122C,C,1,CAGE & SURV,,,
2EF39122C,2EF39122C,C,1,CAGE & SURV,,,
2FDA5122C,2FDA5122C,C,1,CAGE & SURV,,,
2FD83122C,2FD83122C,C,1,CAGE & SURV,,,
300F9122C,300F9122C,C,1,CAGE & SURV,,,
2F2D6122C,2F2D6122C,C,1,CAGE & SURV,,,
2FD0C122C,2FD0C122C,C,1,CAGE & SURV,,,
2FF8F122C,2FF8F122C,C,1,CAGE & SURV,,,
2F73A122C,2F73A122C,C,1,CAGE & SURV,,,
2F6AD122C,2F6AD122C,C,1,CAGE & SURV,,,
2FFE4122C,2FFE4122C,C,1,CAGE & SURV,,,
2F8D7122C,2F8D7122C,C,1,CAGE & SURV,,,
30131122C,30131122C,C,1,CAGE & SURV,,,
2FF5C122C,2FF5C122C,C,1,CAGE & SURV,,,
2F7B7122C,2F7B7122C,C,1,CAGE & SURV,,,
2EBC8122C,2EBC8122C,C,1,CAGE & SURV,,,
2F3EF122C,2F3EF122C,C,1,CAGE & SURV,,,
2FF57122C,2FF57122C,C,1,CAGE & SURV,,,
2F85A122C,2F85A122C,C,1,CAGE & SURV,,,
2FED1122C,2FED1122C,C,1,CAGE & SURV,,,
3006C122C,3006C122C,C,1,CAGE & SURV,,,
2FD71122C,2FD71122C,C,1,CAGE & SURV,,,
2FE8D122C,2FE8D122C,C,1,CAGE & SURV,,,
2F859122C,2F859122C,C,1,CAGE & SURV,,,
2EBD6122C,2EBD6122C,C,1,CAGE & SURV,,,
300A4122C,300A4122C,C,1,CAGE & SURV,,,
2F8D5122C,2F8D5122C,C,1,CAGE & SURV,,,
2FD8B122C,2FD8B122C,C,1,CAGE & SURV,,,
2FD00122C,2FD00122C,C,1,CAGE & SURV,,,
30139122C,30139122C,C,1,CAGE & SURV,,,
2FFE8122C,2FFE8122C,C,1,CAGE & SURV,,,
2FE30122C,2FE30122C,C,1,CAGE & SURV,,,
30100122C,30100122C,C,1,CAGE & SURV,,,
2FFE1122C,2FFE1122C,C,1,CAGE & SURV,,,
2F1CC122C,2F1CC122C,C,1,CAGE & SURV,,,
322A6122C,322A6122C,C,1,HOTEL SMALL,,,
2AFC1122B,2AFC1122B,C,1,HOTEL SMALL,,,
311F5122C,311F5122C,C,1,HOTEL SMALL,,,
3126D122C,3126D122C,C,1,HOTEL SMALL,,,
31D9E122C,31D9E122C,C,1,HOTEL SMALL,,,
2AFE0122B,2AFE0122B,C,1,HOTEL SMALL,,,
2FC30122C,2FC30122C,C,1,HOTEL SMALL,,,
2AFDC122B,2AFDC122B,C,1,HOTEL SMALL,,,
2AFF2122B,2AFF2122B,C,1,HOTEL SMALL,,,
2B017122B,2B017122B,C,1,HOTEL SMALL,,,
314AD122C,314AD122C,C,1,HOTEL SMALL,,,
311F2122C,311F2122C,C,1,HOTEL SMALL,,,
2B075122B,2B075122B,C,1,HOTEL SMALL,,,
2AFDD122B,2AFDD122B,C,1,HOTEL SMALL,,,
2AFDB122B,2AFDB122B,C,1,HOTEL SMALL,,,
313A0122C,313A0122C,C,1,HOTEL SMALL,,,
2B058122B,2B058122B,C,1,HOTEL SMALL,,,
2AFE5122B,2AFE5122B,C,1,HOTEL SMALL,,,
31DC9122C,31DC9122C,C,1,HOTEL SMALL,,,
326AF122C,326AF122C,C,1,HOTEL SMALL,,,
2F6A1122C,2F6A1122C,C,1,HOTEL SMALL,,,
31B37122C,31B37122C,C,1,HOTEL SMALL,,,
2F72D122C,2F72D122C,C,1,HOTEL SMALL,,,
2B01D122B,2B01D122B,C,1,HOTEL SMALL,,,
3127E122C,3127E122C,C,1,HOTEL SMALL,,,
3136C122C,3136C122C,C,1,HOTEL SMALL,,,
2AF4C122B,2AF4C122B,C,1,HOTEL SMALL,,,
2AFDE122B,2AFDE122B,C,1,HOTEL SMALL,,,
31220122C,31220122C,C,1,HOTEL SMALL,,,
2B01E122B,2B01E122B,C,1,HOTEL SMALL,,,
2AFBA122B,2AFBA122B,C,1,HOTEL SMALL,,,
2AFDF122B,2AFDF122B,C,1,HOTEL SMALL,,,
2B070122B,2B070122B,C,1,HOTEL SMALL,,,
2AF1C122B,2AF1C122B,C,1,HOTEL SMALL,,,
2B054122B,2B054122B,C,1,HOTEL SMALL,,,
2F69A122C,2F69A122C,C,1,HOTEL SMALL,,,
3126A122C,3126A122C,C,1,HOTEL SMALL,,,
2AFF4122B,2AFF4122B,C,1,HOTEL SMALL,,,
3001E122C,3001E122C,C,1,HOTEL SMALL,,,
2FBA2122C,2FBA2122C,C,1,HOTEL SMALL,,,
2F9D4122C,2F9D4122C,C,1,HOTEL SMALL,,,
2FD73122C,2FD73122C,C,1,HOTEL SMALL,,,
2FB9B122C,2FB9B122C,C,1,HOTEL SMALL,,,
2FF56122C,2FF56122C,C,1,HOTEL SMALL,,,
2F9FA122C,2F9FA122C,C,1,HOTEL SMALL,,,
2FD1A122C,2FD1A122C,C,1,HOTEL SMALL,,,
2FBBF122C,2FBBF122C,C,1,HOTEL SMALL,,,
2FD1B122C,2FD1B122C,C,1,HOTEL SMALL,,,
2F976122C,2F976122C,C,1,HOTEL SMALL,,,
2F8E5122C,2F8E5122C,C,1,HOTEL SMALL,,,
2F7CD122C,2F7CD122C,C,1,HOTEL SMALL,,,
2F584122C,2F584122C,C,1,HOTEL SMALL,,,
2FCAE122C,2FCAE122C,C,1,HOTEL SMALL,,,
2F9D7122C,2F9D7122C,C,1,HOTEL SMALL,,,
2FD6F122C,2FD6F122C,C,1,HOTEL SMALL,,,
30303122C,30303122C,C,1,HOTEL SMALL,,,
2FC01122C,2FC01122C,C,1,HOTEL SMALL,,,
2EB71122C,2EB71122C,C,1,HOTEL SMALL,,,
2F96F122C,2F96F122C,C,1,HOTEL SMALL,,,
2F9D8122C,2F9D8122C,C,1,HOTEL SMALL,,,
2F57E122C,2F57E122C,C,1,HOTEL SMALL,,,
30011122C,30011122C,C,1,HOTEL SMALL,,,
2FCAA122C,2FCAA122C,C,1,HOTEL SMALL,,,
2F8DD122C,2F8DD122C,C,1,HOTEL SMALL,,,
2F742122C,2F742122C,C,1,HOTEL SMALL,,,
2FBA3122C,2FBA3122C,C,1,HOTEL SMALL,,,
2FBC8122C,2FBC8122C,C,1,HOTEL SMALL,,,
2FD14122C,2FD14122C,C,1,HOTEL SMALL,,,
2FB9D122C,2FB9D122C,C,1,HOTEL SMALL,,,
2FDE8122C,2FDE8122C,C,1,HOTEL SMALL,,,
2FD13122C,2FD13122C,C,1,HOTEL SMALL,,,
2F7D0122C,2F7D0122C,C,1,HOTEL SMALL,,,
2F8D8122C,2F8D8122C,C,1,HOTEL SMALL,,,
2FBC7122C,2FBC7122C,C,1,HOTEL SMALL,,,
2EC87122C,2EC87122C,C,1,HOTEL SMALL,,,
2EC04122C,2EC04122C,C,1,HOTEL SMALL,,,
2F51E122C,2F51E122C,C,1,HOTEL SMALL,,,
2EB6F122C,2EB6F122C,C,1,HOTEL SMALL,,,
2FDE6122C,2FDE6122C,C,1,HOTEL SMALL,,,
2AFFB122B,2AFFB122B,C,1,HSKP & LAUNDRY,,,
31E2A122C,31E2A122C,C,1,HSKP & LAUNDRY,,,
3218F122C,3218F122C,C,1,HSKP & LAUNDRY,,,
2AF48122B,2AF48122B,C,1,HSKP & LAUNDRY,,,
2EA64122C,2EA64122C,C,1,HSKP & LAUNDRY,,,
2B05A122B,2B05A122B,C,1,HSKP & LAUNDRY,,,
2B053122B,2B053122B,C,1,HSKP & LAUNDRY,,,
31427122C,31427122C,C,1,HSKP & LAUNDRY,,,
2B05B122B,2B05B122B,C,1,HSKP & LAUNDRY,,,
2AF9E122B,2AF9E122B,C,1,HSKP & LAUNDRY,,,
31481122C,31481122C,C,1,HSKP & LAUNDRY,,,
2B018122B,2B018122B,C,1,HSKP & LAUNDRY,,,
31370122C,31370122C,C,1,HSKP & LAUNDRY,,,
312F5122C,312F5122C,C,1,HSKP & LAUNDRY,,,
31217122C,31217122C,C,1,HSKP & LAUNDRY,,,
2AF4D122B,2AF4D122B,C,1,HSKP & LAUNDRY,,,
31271122C,31271122C,C,1,HSKP & LAUNDRY,,,
311FF122C,311FF122C,C,1,HSKP & LAUNDRY,,,
313F6122C,313F6122C,C,1,HSKP & LAUNDRY,,,
31201122C,31201122C,C,1,HSKP & LAUNDRY,,,
2AF9F122B,2AF9F122B,C,1,HSKP & LAUNDRY,,,
2AFC2122B,2AFC2122B,C,1,HSKP & LAUNDRY,,,
2B05C122B,2B05C122B,C,1,HSKP & LAUNDRY,,,
314FA122C,314FA122C,C,1,HSKP & LAUNDRY,,,
31268122C,31268122C,C,1,HSKP & LAUNDRY,,,
31224122C,31224122C,C,1,HSKP & LAUNDRY,,,
320B7122C,320B7122C,C,1,HSKP & LAUNDRY,,,
31D60122C,31D60122C,C,1,HSKP & LAUNDRY,,,
317A2122C,317A2122C,C,1,HSKP & LAUNDRY,,,
323A7122C,323A7122C,C,1,HSKP & LAUNDRY,,,
2AF6A122B,2AF6A122B,C,1,HSKP & LAUNDRY,,,
2AFA3122B,2AFA3122B,C,1,HSKP & LAUNDRY,,,
313F2122C,313F2122C,C,1,HSKP & LAUNDRY,,,
314AA122C,314AA122C,C,1,HSKP & LAUNDRY,,,
2AFBC122B,2AFBC122B,C,1,HSKP & LAUNDRY,,,
2AFE3122B,2AFE3122B,C,1,HSKP & LAUNDRY,,,
31277122C,31277122C,C,1,HSKP & LAUNDRY,,,
3152D122C,3152D122C,C,1,HSKP & LAUNDRY,,,
31526122C,31526122C,C,1,HSKP & LAUNDRY,,,
2AEEF122B,2AEEF122B,C,1,HSKP & LAUNDRY,,,
31279122C,31279122C,C,1,HSKP & LAUNDRY,,,
313A2122C,313A2122C,C,1,HSKP & LAUNDRY,,,
3152E122C,3152E122C,C,1,HSKP & LAUNDRY,,,
2B016122B,2B016122B,C,1,HSKP & LAUNDRY,,,
2B05E122B,2B05E122B,C,1,HSKP & LAUNDRY,,,
2AFF9122B,2AFF9122B,C,1,HSKP & LAUNDRY,,,
31B32122C,31B32122C,C,1,HSKP & LAUNDRY,,,
317B2122C,317B2122C,C,1,HSKP & LAUNDRY,,,
31A5B122C,31A5B122C,C,1,HSKP & LAUNDRY,,,
31D5F122C,31D5F122C,C,1,HSKP & LAUNDRY,,,
31A55122C,31A55122C,C,1,HSKP & LAUNDRY,,,
31430122C,31430122C,C,1,HSKP & LAUNDRY,,,
31301122C,31301122C,C,1,HSKP & LAUNDRY,,,
31E56122C,31E56122C,C,1,HSKP & LAUNDRY,,,
31AE0122C,31AE0122C,C,1,HSKP & LAUNDRY,,,
32293122C,32293122C,C,1,HSKP & LAUNDRY,,,
31A22122C,31A22122C,C,1,HSKP & LAUNDRY,,,
32430122C,32430122C,C,1,HSKP & LAUNDRY,,,
31D62122C,31D62122C,C,1,HSKP & LAUNDRY,,,
3139E122C,3139E122C,C,1,HSKP & LAUNDRY,,,
31376122C,31376122C,C,1,HSKP & LAUNDRY,,,
31431122C,31431122C,C,1,HSKP & LAUNDRY,,,
311F4122C,311F4122C,C,1,HSKP & LAUNDRY,,,
31C87122C,31C87122C,C,1,HSKP & LAUNDRY,,,
31BB3122C,31BB3122C,C,1,HSKP & LAUNDRY,,,
31D08122C,31D08122C,C,1,HSKP & LAUNDRY,,,
2B01A122B,2B01A122B,C,1,HSKP & LAUNDRY,,,
3127B122C,3127B122C,C,1,HSKP & LAUNDRY,,,
32055122C,32055122C,C,1,HSKP & LAUNDRY,,,
31ADF122C,31ADF122C,C,1,HSKP & LAUNDRY,,,
31A53122C,31A53122C,C,1,HSKP & LAUNDRY,,,
31BBB122C,31BBB122C,C,1,HSKP & LAUNDRY,,,
2B06F122B,2B06F122B,C,1,HSKP & LAUNDRY,,,
320B9122C,320B9122C,C,1,HSKP & LAUNDRY,,,
3222E122C,3222E122C,C,1,HSKP & LAUNDRY,,,
31A1F122C,31A1F122C,C,1,HSKP & LAUNDRY,,,
31C41122C,31C41122C,C,1,HSKP & LAUNDRY,,,
317A8122C,317A8122C,C,1,HSKP & LAUNDRY,,,
3182D122C,3182D122C,C,1,HSKP & LAUNDRY,,,
2EEBE122C,2EEBE122C,C,1,HSKP & LAUNDRY,,,
314AC122C,314AC122C,C,1,HSKP & LAUNDRY,,,
31BFC122C,31BFC122C,C,1,HSKP & LAUNDRY,,,
2AF67122B,2AF67122B,C,1,HSKP & LAUNDRY,,,
31BB6122C,31BB6122C,C,1,HSKP & LAUNDRY,,,
31762122C,31762122C,C,1,HSKP & LAUNDRY,,,
3241F122C,3241F122C,C,1,HSKP & LAUNDRY,,,
31372122C,31372122C,C,1,HSKP & LAUNDRY,,,
31FFE122C,31FFE122C,C,1,HSKP & LAUNDRY,,,
3275E122C,3275E122C,C,1,HSKP & LAUNDRY,,,
314B2122C,314B2122C,C,1,HSKP & LAUNDRY,,,
32394122C,32394122C,C,1,HSKP & LAUNDRY,,,
31CD2122C,31CD2122C,C,1,HSKP & LAUNDRY,,,
2B019122B,2B019122B,C,1,HSKP & LAUNDRY,,,
2B021122B,2B021122B,C,1,HSKP & LAUNDRY,,,
312F7122C,312F7122C,C,1,HSKP & LAUNDRY,,,
2B01B122B,2B01B122B,C,1,HSKP & LAUNDRY,,,
2AFFA122B,2AFFA122B,C,1,HSKP & LAUNDRY,,,
3013C122C,3013C122C,C,1,HSKP & LAUNDRY,,,
31C89122C,31C89122C,C,1,HSKP & LAUNDRY,,,
3006E122C,3006E122C,C,1,HSKP & LAUNDRY,,,
31BB2122C,31BB2122C,C,1,HSKP & LAUNDRY,,,
31D5B122C,31D5B122C,C,1,HSKP & LAUNDRY,,,
2B059122B,2B059122B,C,1,HSKP & LAUNDRY,,,
3147A122C,3147A122C,C,1,HSKP & LAUNDRY,,,
311FD122C,311FD122C,C,1,HSKP & LAUNDRY,,,
31222122C,31222122C,C,1,HSKP & LAUNDRY,,,
2AFF8122B,2AFF8122B,C,1,HSKP & LAUNDRY,,,
31C3F122C,31C3F122C,C,1,HSKP & LAUNDRY,,,
2AF64122B,2AF64122B,C,1,HSKP & LAUNDRY,,,
313A1122C,313A1122C,C,1,HSKP & LAUNDRY,,,
2B05D122B,2B05D122B,C,1,HSKP & LAUNDRY,,,
2AFB8122B,2AFB8122B,C,1,HSKP & LAUNDRY,,,
2B056122B,2B056122B,C,1,HSKP & LAUNDRY,,,
31AE6122C,31AE6122C,C,1,HSKP & LAUNDRY,,,
2AFC3122B,2AFC3122B,C,1,HSKP & LAUNDRY,,,
31270122C,31270122C,C,1,HSKP & LAUNDRY,,,
2AFF3122B,2AFF3122B,C,1,HSKP & LAUNDRY,,,
313F0122C,313F0122C,C,1,HSKP & LAUNDRY,,,
3147D122C,3147D122C,C,1,HSKP & LAUNDRY,,,
31304122C,31304122C,C,1,HSKP & LAUNDRY,,,
31307122C,31307122C,C,1,HSKP & LAUNDRY,,,
312FD122C,312FD122C,C,1,F&B,,,
2AFE4122B,2AFE4122B,C,1,F&B,,,
31587122C,31587122C,C,1,F&B,,,
31530122C,31530122C,C,1,F&B,,,
2FF5A122C,2FF5A122C,C,1,F&B,,,
2FDEE122C,2FDEE122C,C,1,F&B,,,
32490122C,32490122C,C,1,F&B,,,
31992122C,31992122C,C,1,F&B,,,
2F072122C,2F072122C,C,1,F&B,,,
31AA8122C,31AA8122C,C,1,F&B,,,
31DCB122C,31DCB122C,C,1,F&B,,,
3175F122C,3175F122C,C,1,F&B,,,
31BB7122C,31BB7122C,C,1,F&B,,,
31B33122C,31B33122C,C,1,F&B,,,
2B074122B,2B074122B,C,1,F&B,,,
2EC50122C,2EC50122C,C,1,F&B,,,
32420122C,32420122C,C,1,F&B,,,
2AFF6122B,2AFF6122B,C,1,F&B,,,
2AFFD122B,2AFFD122B,C,1,F&B,,,
3211D122C,3211D122C,C,1,F&B,,,
3198C122C,3198C122C,C,1,F&B,,,
31E28122C,31E28122C,C,1,F&B,,,
319C7122C,319C7122C,C,1,F&B,,,
31B3A122C,31B3A122C,C,1,F&B,,,
31BFD122C,31BFD122C,C,1,F&B,,,
31C47122C,31C47122C,C,1,F&B,,,
31C46122C,31C46122C,C,1,F&B,,,
31F6A122C,31F6A122C,C,1,F&B,,,
31D0C122C,31D0C122C,C,1,F&B,,,
31C03122C,31C03122C,C,1,F&B,,,
3126C122C,3126C122C,C,1,F&B,,,
320EC122C,320EC122C,C,1,F&B,,,
31C42122C,31C42122C,C,1,F&B,,,
31D98122C,31D98122C,C,1,F&B,,,
317B0122C,317B0122C,C,1,F&B,,,
317AC122C,317AC122C,C,1,F&B,,,
31C91122C,31C91122C,C,1,F&B,,,
31DD3122C,31DD3122C,C,1,F&B,,,
3198D122C,3198D122C,C,1,F&B,,,
325A1122C,325A1122C,C,1,F&B,,,
31F6D122C,31F6D122C,C,1,F&B,,,
319D2122C,319D2122C,C,1,F&B,,,
31A54122C,31A54122C,C,1,F&B,,,
2EF75122C,2EF75122C,C,1,F&B,,,
31B74122C,31B74122C,C,1,F&B,,,
3137C122C,3137C122C,C,1,F&B,,,
2AFE1122B,2AFE1122B,C,1,F&B,,,
31B36122C,31B36122C,C,1,F&B,,,
2AFA5122B,2AFA5122B,C,1,F&B,,,
317B5122C,317B5122C,C,1,F&B,,,
31C04122C,31C04122C,C,1,F&B,,,
32511122C,32511122C,C,1,F&B,,,
31A58122C,31A58122C,C,1,F&B,,,
2EB90122C,2EB90122C,C,1,F&B,,,
319CA122C,319CA122C,C,1,F&B,,,
3175E122C,3175E122C,C,1,F&B,,,
31AE5122C,31AE5122C,C,1,F&B,,,
31BB9122C,31BB9122C,C,1,F&B,,,
32889122C,32889122C,C,1,F&B,,,
31C8E122C,31C8E122C,C,1,F&B,,,
2FF96122C,2FF96122C,C,1,F&B,,,
2EE5A122C,2EE5A122C,C,1,F&B,,,
2EAC2122C,2EAC2122C,C,1,F&B,,,
2F7B1122C,2F7B1122C,C,1,F&B,,,
31306122C,31306122C,C,1,F&B,,,
31A1D122C,31A1D122C,C,1,F&B,,,
3275F122C,3275F122C,C,1,F&B,,,
2FCB1122C,2FCB1122C,C,1,F&B,,,
31A20122C,31A20122C,C,1,F&B,,,
2FFDF122C,2FFDF122C,C,1,F&B,,,
31B6D122C,31B6D122C,C,1,F&B,,,
3127D122C,3127D122C,C,1,F&B,,,
32418122C,32418122C,C,1,F&B,,,
2F398122C,2F398122C,C,1,F&B,,,
2F72C122C,2F72C122C,C,1,F&B,,,
31894122C,31894122C,C,1,F&B,,,
32050122C,32050122C,C,1,F&B,,,
2F856122C,2F856122C,C,1,F&B,,,
32725122C,32725122C,C,1,F&B,,,
3201D122C,3201D122C,C,1,F&B,,,
31941122C,31941122C,C,1,F&B,,,
2FC99122C,2FC99122C,C,1,F&B,,,
31D0F122C,31D0F122C,C,1,F&B,,,
319CF122C,319CF122C,C,1,F&B,,,
31B71122C,31B71122C,C,1,F&B,,,
3271E122C,3271E122C,C,1,F&B,,,
31BB4122C,31BB4122C,C,1,F&B,,,
31940122C,31940122C,C,1,F&B,,,
3198E122C,3198E122C,C,1,F&B,,,
318B4122C,318B4122C,C,1,F&B,,,
319D0122C,319D0122C,C,1,F&B,,,
3126F122C,3126F122C,C,1,F&B,,,
317AE122C,317AE122C,C,1,F&B,,,
314FD122C,314FD122C,C,1,F&B,,,
319CB122C,319CB122C,C,1,F&B,,,
31A19122C,31A19122C,C,1,F&B,,,
31A1C122C,31A1C122C,C,1,F&B,,,
3193C122C,3193C122C,C,1,F&B,,,
319CC122C,319CC122C,C,1,F&B,,,
32756122C,32756122C,C,1,F&B,,,
3139C122C,3139C122C,C,1,F&B,,,
315AF122C,315AF122C,C,1,F&B,,,
32797122C,32797122C,C,1,F&B,,,
32311122C,32311122C,C,1,F&B,,,
313EF122C,313EF122C,C,1,F&B,,,
31C8C122C,31C8C122C,C,1,F&B,,,
327D1122C,327D1122C,C,1,F&B,,,
31990122C,31990122C,C,1,F&B,,,
31891122C,31891122C,C,1,F&B,,,
3152C122C,3152C122C,C,1,F&B,,,
31617122C,31617122C,C,1,F&B,,,
3193A122C,3193A122C,C,1,F&B,,,
31483122C,31483122C,C,1,F&B,,,
31715122C,31715122C,C,1,F&B,,,
318B6122C,318B6122C,C,1,F&B,,,
314FC122C,314FC122C,C,1,F&B,,,
3188D122C,3188D122C,C,1,F&B,,,
31501122C,31501122C,C,1,F&B,,,
3137F122C,3137F122C,C,1,F&B,,,
31E55122C,31E55122C,C,1,F&B,,,
314AB122C,314AB122C,C,1,F&B,,,
3152F122C,3152F122C,C,1,F&B,,,
31EDD122C,31EDD122C,C,1,F&B,,,
32030122C,32030122C,C,1,F&B,,,
32056122C,32056122C,C,1,F&B,,,
32629122C,32629122C,C,1,F&B,,,
31E20122C,31E20122C,C,1,F&B,,,
316ED122C,316ED122C,C,1,F&B,,,
2F7CC122C,2F7CC122C,C,1,F&B,,,
3142E122C,3142E122C,C,1,F&B,,,
2F7B8122C,2F7B8122C,C,1,F&B,,,
313A3122C,313A3122C,C,1,F&B,,,
31AA4122C,31AA4122C,C,1,F&B,,,
31945122C,31945122C,C,1,F&B,,,
3147B122C,3147B122C,C,1,F&B,,,
3175C122C,3175C122C,C,1,F&B,,,
2EA3A122C,2EA3A122C,C,1,F&B,,,
31901122C,31901122C,C,1,F&B,,,
3130C122C,3130C122C,C,1,F&B,,,
3142F122C,3142F122C,C,1,F&B,,,
317F3122C,317F3122C,C,1,F&B,,,
31831122C,31831122C,C,1,F&B,,,
314FB122C,314FB122C,C,1,F&B,,,
2FF8E122C,2FF8E122C,C,1,F&B,,,
2FEC2122C,2FEC2122C,C,1,F&B,,,
2AFBE122B,2AFBE122B,C,1,F&B,,,
2B01F122B,2B01F122B,C,1,F&B,,,
31A23122C,31A23122C,C,1,F&B,,,
31276122C,31276122C,C,1,F&B,,,
314A8122C,314A8122C,C,1,F&B,,,
2AFFC122B,2AFFC122B,C,1,F&B,,,
31AEA122C,31AEA122C,C,1,F&B,,,
2F0EC122C,2F0EC122C,C,1,F&B,,,
2ECFA122C,2ECFA122C,C,1,F&B,,,
31DCD122C,31DCD122C,C,1,F&B,,,
31A5C122C,31A5C122C,C,1,F&B,,,
31AE7122C,31AE7122C,C,1,F&B,,,
2B055122B,2B055122B,C,1,F&B,,,
31FAC122C,31FAC122C,C,1,F&B,,,
319C8122C,319C8122C,C,1,F&B,,,
2FDE1122C,2FDE1122C,C,1,F&B,,,
30135122C,30135122C,C,1,F&B,,,
313ED122C,313ED122C,C,1,F&B,,,
30074122C,30074122C,C,1,F&B,,,
31825122C,31825122C,C,1,F&B,,,
324B1122C,324B1122C,C,1,F&B,,,
2EB8A122C,2EB8A122C,C,1,F&B,,,
313F4122C,313F4122C,C,1,F&B,,,
31500122C,31500122C,C,1,F&B,,,
31713122C,31713122C,C,1,F&B,,,
31C01122C,31C01122C,C,1,F&B,,,
31B72122C,31B72122C,C,1,F&B,,,
318B2122C,318B2122C,C,1,F&B,,,
3158D122C,3158D122C,C,1,F&B,,,
31503122C,31503122C,C,1,F&B,,,
3142D122C,3142D122C,C,1,F&B,,,
31942122C,31942122C,C,1,F&B,,,
3127C122C,3127C122C,C,1,F&B,,,
31660122C,31660122C,C,1,F&B,,,
317AA122C,317AA122C,C,1,F&B,,,
3130B122C,3130B122C,C,1,GALLEY,,,
31589122C,31589122C,C,1,GALLEY,,,
3001C122C,3001C122C,C,1,GALLEY,,,
314B3122C,314B3122C,C,1,GALLEY,,,
31881122C,31881122C,C,1,GALLEY,,,
314A9122C,314A9122C,C,1,GALLEY,,,
31909122C,31909122C,C,1,GALLEY,,,
3259E122C,3259E122C,C,1,GALLEY,,,
313EC122C,313EC122C,C,1,GALLEY,,,
3142C122C,3142C122C,C,1,GALLEY,,,
31B6F122C,31B6F122C,C,1,GALLEY,,,
31AE3122C,31AE3122C,C,1,GALLEY,,,
31588122C,31588122C,C,1,GALLEY,,,
2FE87122C,2FE87122C,C,1,GALLEY,,,
31997122C,31997122C,C,1,GALLEY,,,
31C8D122C,31C8D122C,C,1,GALLEY,,,
31DD6122C,31DD6122C,C,1,GALLEY,,,
31C44122C,31C44122C,C,1,GALLEY,,,
31531122C,31531122C,C,1,GALLEY,,,
325A3122C,325A3122C,C,1,GALLEY,,,
31533122C,31533122C,C,1,GALLEY,,,
31AE1122C,31AE1122C,C,1,GALLEY,,,
31BB8122C,31BB8122C,C,1,GALLEY,,,
32630122C,32630122C,C,1,GALLEY,,,
3253D122C,3253D122C,C,1,GALLEY,,,
31EDF122C,31EDF122C,C,1,GALLEY,,,
32057122C,32057122C,C,1,GALLEY,,,
32726122C,32726122C,C,1,GALLEY,,,
31E54122C,31E54122C,C,1,GALLEY,,,
3147E122C,3147E122C,C,1,GALLEY,,,
31EAC122C,31EAC122C,C,1,GALLEY,,,
32234122C,32234122C,C,1,GALLEY,,,
326B4122C,326B4122C,C,1,GALLEY,,,
32792122C,32792122C,C,1,GALLEY,,,
2F3B1122C,2F3B1122C,C,1,GALLEY,,,
31D61122C,31D61122C,C,1,GALLEY,,,
2F071122C,2F071122C,C,1,GALLEY,,,
326B7122C,326B7122C,C,1,GALLEY,,,
32515122C,32515122C,C,1,GALLEY,,,
2F95D122C,2F95D122C,C,1,GALLEY,,,
32132122C,32132122C,C,1,GALLEY,,,
31FFA122C,31FFA122C,C,1,GALLEY,,,
325C4122C,325C4122C,C,1,GALLEY,,,
32431122C,32431122C,C,1,GALLEY,,,
326A7122C,326A7122C,C,1,GALLEY,,,
3264E122C,3264E122C,C,1,GALLEY,,,
32020122C,32020122C,C,1,GALLEY,,,
32023122C,32023122C,C,1,GALLEY,,,
324AF122C,324AF122C,C,1,GALLEY,,,
31F27122C,31F27122C,C,1,GALLEY,,,
31FDA122C,31FDA122C,C,1,GALLEY,,,
32137122C,32137122C,C,1,GALLEY,,,
3201E122C,3201E122C,C,1,GALLEY,,,
3201F122C,3201F122C,C,1,GALLEY,,,
31D12122C,31D12122C,C,1,GALLEY,,,
2FDE4122C,2FDE4122C,C,1,GALLEY,,,
31D5A122C,31D5A122C,C,1,GALLEY,,,
32626122C,32626122C,C,1,GALLEY,,,
31C8B122C,31C8B122C,C,1,GALLEY,,,
31BFA122C,31BFA122C,C,1,GALLEY,,,
32546122C,32546122C,C,1,GALLEY,,,
31FA7122C,31FA7122C,C,1,GALLEY,,,
32126122C,32126122C,C,1,GALLEY,,,
32028122C,32028122C,C,1,GALLEY,,,
30275122C,30275122C,C,1,GALLEY,,,
326B5122C,326B5122C,C,1,GALLEY,,,
31FD8122C,31FD8122C,C,1,GALLEY,,,
3211C122C,3211C122C,C,1,GALLEY,,,
31FDB122C,31FDB122C,C,1,GALLEY,,,
32514122C,32514122C,C,1,GALLEY,,,
32060122C,32060122C,C,1,GALLEY,,,
32654122C,32654122C,C,1,GALLEY,,,
325C7122C,325C7122C,C,1,GALLEY,,,
31DC7122C,31DC7122C,C,1,GALLEY,,,
3262C122C,3262C122C,C,1,GALLEY,,,
326A8122C,326A8122C,C,1,GALLEY,,,
326B6122C,326B6122C,C,1,GALLEY,,,
31E25122C,31E25122C,C,1,GALLEY,,,
32214122C,32214122C,C,1,GALLEY,,,
32761122C,32761122C,C,1,GALLEY,,,
32310122C,32310122C,C,1,GALLEY,,,
322A9122C,322A9122C,C,1,GALLEY,,,
320BD122C,320BD122C,C,1,GALLEY,,,
3253E122C,3253E122C,C,1,GALLEY,,,
32512122C,32512122C,C,1,GALLEY,,,
32025122C,32025122C,C,1,GALLEY,,,
2FDAF122C,2FDAF122C,C,1,GALLEY,,,
31F72122C,31F72122C,C,1,GALLEY,,,
32296122C,32296122C,C,1,GALLEY,,,
31BFF122C,31BFF122C,C,1,GALLEY,,,
32021122C,32021122C,C,1,GALLEY,,,
31FA4122C,31FA4122C,C,1,GALLEY,,,
32516122C,32516122C,C,1,GALLEY,,,
3218C122C,3218C122C,C,1,GALLEY,,,
31AE8122C,31AE8122C,C,1,GALLEY,,,
31D59122C,31D59122C,C,1,GALLEY,,,
32053122C,32053122C,C,1,GALLEY,,,
32019122C,32019122C,C,1,GALLEY,,,
2EBBC122C,2EBBC122C,C,1,GALLEY,,,
325A2122C,325A2122C,C,1,GALLEY,,,
3250F122C,3250F122C,C,1,GALLEY,,,
31C45122C,31C45122C,C,1,GALLEY,,,
31DD1122C,31DD1122C,C,1,GALLEY,,,
31ED9122C,31ED9122C,C,1,GALLEY,,,
31BFB122C,31BFB122C,C,1,GALLEY,,,
31B6C122C,31B6C122C,C,1,GALLEY,,,
31F2D122C,31F2D122C,C,1,GALLEY,,,
32433122C,32433122C,C,1,GALLEY,,,
31E52122C,31E52122C,C,1,GALLEY,,,
31CD5122C,31CD5122C,C,1,GALLEY,,,
3222F122C,3222F122C,C,1,GALLEY,,,
32628122C,32628122C,C,1,GALLEY,,,
31DD4122C,31DD4122C,C,1,GALLEY,,,
32627122C,32627122C,C,1,GALLEY,,,
326BC122C,326BC122C,C,1,GALLEY,,,
323A1122C,323A1122C,C,1,GALLEY,,,
31FD2122C,31FD2122C,C,1,GALLEY,,,
31E22122C,31E22122C,C,1,GALLEY,,,
31D5D122C,31D5D122C,C,1,GALLEY,,,
320E5122C,320E5122C,C,1,GALLEY,,,
32599122C,32599122C,C,1,GALLEY,,,
3204B122C,3204B122C,C,1,GALLEY,,,
326BA122C,326BA122C,C,1,GALLEY,,,
3262D122C,3262D122C,C,1,GALLEY,,,
324B3122C,324B3122C,C,1,GALLEY,,,
32395122C,32395122C,C,1,GALLEY,,,
32543122C,32543122C,C,1,GALLEY,,,
320BB122C,320BB122C,C,1,GALLEY,,,
320B8122C,320B8122C,C,1,GALLEY,,,
31EA3122C,31EA3122C,C,1,GALLEY,,,
3213B122C,3213B122C,C,1,GALLEY,,,
32513122C,32513122C,C,1,GALLEY,,,
31FD9122C,31FD9122C,C,1,GALLEY,,,
31FD1122C,31FD1122C,C,1,GALLEY,,,
32122122C,32122122C,C,1,GALLEY,,,
3259F122C,3259F122C,C,1,GALLEY,,,
31CCE122C,31CCE122C,C,1,GALLEY,,,
32650122C,32650122C,C,1,GALLEY,,,
326AD122C,326AD122C,C,1,GALLEY,,,
31ED1122C,31ED1122C,C,1,GALLEY,,,
31FD6122C,31FD6122C,C,1,GALLEY,,,
3204E122C,3204E122C,C,1,GALLEY,,,
325C5122C,325C5122C,C,1,GALLEY,,,
31D58122C,31D58122C,C,1,GALLEY,,,
2FEC0122C,2FEC0122C,C,1,GALLEY,,,
2F0C1122C,2F0C1122C,C,1,GALLEY,,,
31EE3122C,31EE3122C,C,1,GALLEY,,,
31CD3122C,31CD3122C,C,1,GALLEY,,,
31C86122C,31C86122C,C,1,GALLEY,,,
31E23122C,31E23122C,C,1,GALLEY,,,
32757122C,32757122C,C,1,GALLEY,,,
31D96122C,31D96122C,C,1,GALLEY,,,
31FF9122C,31FF9122C,C,1,GALLEY,,,
32794122C,32794122C,C,1,GALLEY,,,
31CD4122C,31CD4122C,C,1,GALLEY,,,
31BF9122C,31BF9122C,C,1,GALLEY,,,
3259D122C,3259D122C,C,1,GALLEY,,,
3205E122C,3205E122C,C,1,GALLEY,,,
326AB122C,326AB122C,C,1,GALLEY,,,
32052122C,32052122C,C,1,GALLEY,,,
31AE2122C,31AE2122C,C,1,GALLEY,,,
2EE0F122C,2EE0F122C,C,1,GALLEY,,,
2F9DC122C,2F9DC122C,C,1,GALLEY,,,
2FBBD122C,2FBBD122C,C,1,GALLEY,,,
2FC26122C,2FC26122C,C,1,GALLEY,,,
2FC2C122C,2FC2C122C,C,1,GALLEY,,,
2FBC3122C,2FBC3122C,C,1,GALLEY,,,
2FC98122C,2FC98122C,C,1,GALLEY,,,
2FD0A122C,2FD0A122C,C,1,GALLEY,,,
2FC2F122C,2FC2F122C,C,1,GALLEY,,,
2F9DE122C,2F9DE122C,C,1,GALLEY,,,
2FBC2122C,2FBC2122C,C,1,GALLEY,,,
2FC96122C,2FC96122C,C,1,GALLEY,,,
2FC29122C,2FC29122C,C,1,GALLEY,,,
2FCAB122C,2FCAB122C,C,1,GALLEY,,,
2FC8F122C,2FC8F122C,C,1,GALLEY,,,
2FE84122C,2FE84122C,C,1,GALLEY,,,
2FD04122C,2FD04122C,C,1,GALLEY,,,
2F9FF122C,2F9FF122C,C,1,GALLEY,,,
2F72A122C,2F72A122C,C,1,GALLEY,,,
2FD08122C,2FD08122C,C,1,GALLEY,,,
2F740122C,2F740122C,C,1,GALLEY,,,
2F9DF122C,2F9DF122C,C,1,GALLEY,,,
2FC31122C,2FC31122C,C,1,GALLEY,,,
2EBC7122C,2EBC7122C,C,1,GALLEY,,,
2FF52122C,2FF52122C,C,1,GALLEY,,,
2FBA0122C,2FBA0122C,C,1,GALLEY,,,
2FB9E122C,2FB9E122C,C,1,GALLEY,,,
2FF06122C,2FF06122C,C,1,GALLEY,,,
2F970122C,2F970122C,C,1,GALLEY,,,
2F850122C,2F850122C,C,1,GALLEY,,,
30133122C,30133122C,C,1,GALLEY,,,
2EB96122C,2EB96122C,C,1,GALLEY,,,
2FBA4122C,2FBA4122C,C,1,GALLEY,,,
2F9D9122C,2F9D9122C,C,1,GALLEY,,,
2FCA9122C,2FCA9122C,C,1,GALLEY,,,
2FBBE122C,2FBBE122C,C,1,GALLEY,,,
2F9D5122C,2F9D5122C,C,1,GALLEY,,,
2FCF8122C,2FCF8122C,C,1,GALLEY,,,
2FDB1122C,2FDB1122C,C,1,GALLEY,,,
2F8E1122C,2F8E1122C,C,1,GALLEY,,,
2FD10122C,2FD10122C,C,1,GALLEY,,,
2FC03122C,2FC03122C,C,1,GALLEY,,,
2ED9E122C,2ED9E122C,C,1,GALLEY,,,
2FD08107C,2FD08107C,C,1,GALLEY,,,
2F613122C,2F613122C,C,1,GALLEY,,,
2FC12122C,2FC12122C,C,1,GALLEY,,,
2F959122C,2F959122C,C,1,GALLEY,,,
2FA01122C,2FA01122C,C,1,GALLEY,,,
2FBA1122C,2FBA1122C,C,1,GALLEY,,,
2F7C7122C,2F7C7122C,C,1,GALLEY,,,
2F95A122C,2F95A122C,C,1,GALLEY,,,
2FF5D122C,2FF5D122C,C,1,GALLEY,,,
2F9FE122C,2F9FE122C,C,1,GALLEY,,,
2F975122C,2F975122C,C,1,GALLEY,,,
2F7AE122C,2F7AE122C,C,1,CRUISE & ENT,,,
2FCA8122C,2FCA8122C,C,1,CRUISE & ENT,,,
2FC91122C,2FC91122C,C,1,CRUISE & ENT,,,
2F9DD122C,2F9DD122C,C,1,CRUISE & ENT,,,
2FB9F122C,2FB9F122C,C,1,CRUISE & ENT,,,
30101122C,30101122C,C,1,CRUISE & ENT,,,
2FF95122C,2FF95122C,C,1,CRUISE & ENT,,,
2FCFC122C,2FCFC122C,C,1,CRUISE & ENT,,,
2FED2122C,2FED2122C,C,1,CRUISE & ENT,,,
3006B122C,3006B122C,C,1,CRUISE & ENT,,,
2FE85122C,2FE85122C,C,1,CRUISE & ENT,,,
2EBCB122C,2EBCB122C,C,1,CRUISE & ENT,,,
2FDEA122C,2FDEA122C,C,1,CRUISE & ENT,,,
2EB9A122C,2EB9A122C,C,1,CRUISE & ENT,,,
2FDA7122C,2FDA7122C,C,1,CRUISE & ENT,,,
2EBFB122C,2EBFB122C,C,1,CRUISE & ENT,,,
3009A122C,3009A122C,C,1,CRUISE & ENT,,,
30075122C,30075122C,C,1,CRUISE & ENT,,,
2FC06122C,2FC06122C,C,1,CRUISE & ENT,,,
2F724122C,2F724122C,C,1,CRUISE & ENT,,,
2F853122C,2F853122C,C,1,CRUISE & ENT,,,
2F726122C,2F726122C,C,1,CRUISE & ENT,,,
2F743122C,2F743122C,C,1,CRUISE & ENT,,,
2F7B4122C,2F7B4122C,C,1,CRUISE & ENT,,,
2F60B122C,2F60B122C,C,1,CRUISE & ENT,,,
2F847122C,2F847122C,C,1,CRUISE & ENT,,,
2F612122C,2F612122C,C,1,CRUISE & ENT,,,
2F8E0122C,2F8E0122C,C,1,CRUISE & ENT,,,
2F848122C,2F848122C,C,1,CRUISE & ENT,,,
2F728122C,2F728122C,C,1,CRUISE & ENT,,,
2F6AF122C,2F6AF122C,C,1,CRUISE & ENT,,,
2F725122C,2F725122C,C,1,CRUISE & ENT,,,
2F589122C,2F589122C,C,1,CRUISE & ENT,,,
2FC2D122C,2FC2D122C,C,1,CRUISE & ENT,,,
2EBF7122C,2EBF7122C,C,1,CRUISE & ENT,,,
2F95B122C,2F95B122C,C,1,CRUISE & ENT,,,
3009E122C,3009E122C,C,1,CRUISE & ENT,,,
2FFE2122C,2FFE2122C,C,1,CRUISE & ENT,,,
2F9D6122C,2F9D6122C,C,1,CRUISE & ENT,,,
2F9F9122C,2F9F9122C,C,1,CRUISE & ENT,,,
2F69D122C,2F69D122C,C,1,CRUISE & ENT,,,
2F849122C,2F849122C,C,1,CRUISE & ENT,,,
2F7B6122C,2F7B6122C,C,1,CRUISE & ENT,,,
2FE8C122C,2FE8C122C,C,1,CRUISE & ENT,,,
2FC09122C,2FC09122C,C,1,CRUISE & ENT,,,
3013B122C,3013B122C,C,1,CRUISE & ENT,,,
2FBC0122C,2FBC0122C,C,1,CRUISE & ENT,,,
2FC0C122C,2FC0C122C,C,1,CRUISE & ENT,,,
2F69B122C,2F69B122C,C,1,CRUISE & ENT,,,
2F8DA122C,2F8DA122C,C,1,CRUISE & ENT,,,
2FE89122C,2FE89122C,C,1,CRUISE & ENT,,,
2F8DC122C,2F8DC122C,C,1,CRUISE & ENT,,,
2F85C122C,2F85C122C,C,1,CRUISE & ENT,,,
2F8E8122C,2F8E8122C,C,1,CRUISE & ENT,,,
2F8E4122C,2F8E4122C,C,1,CRUISE & ENT,,,
2F8E7122C,2F8E7122C,C,1,CRUISE & ENT,,,
2F727122C,2F727122C,C,1,CRUISE & ENT,,,
2F6A7122C,2F6A7122C,C,1,CRUISE & ENT,,,
2F8DE122C,2F8DE122C,C,1,CRUISE & ENT,,,
2F9FD122C,2F9FD122C,C,1,CRUISE & ENT,,,
2FC15122C,2FC15122C,C,1,CRUISE & ENT,,,
2FA00122C,2FA00122C,C,1,CRUISE & ENT,,,
2F84B122C,2F84B122C,C,1,CRUISE & ENT,,,
2F96B122C,2F96B122C,C,1,CRUISE & ENT,,,
2F84A122C,2F84A122C,C,1,CRUISE & ENT,,,
2F854122C,2F854122C,C,1,CRUISE & ENT,,,
2F698122C,2F698122C,C,1,CRUISE & ENT,,,
2FD12122C,2FD12122C,C,1,CRUISE & ENT,,,
2F7C5122C,2F7C5122C,C,1,CRUISE & ENT,,,
2F84C122C,2F84C122C,C,1,CRUISE & ENT,,,
2F855122C,2F855122C,C,1,CRUISE & ENT,,,
2F729122C,2F729122C,C,1,CRUISE & ENT,,,
2FBFF122C,2FBFF122C,C,1,CRUISE & ENT,,,
2F7B2122C,2F7B2122C,C,1,CRUISE & ENT,,,
3F2D8122C,3F2D8122C,P,1,PASSENGER,11206.0,54.0,F
40329122C,40329122C,P,1,PASSENGER,11068.0,57.0,F
41519122C,41519122C,P,1,PASSENGER,11068.0,61.0,M
406FC122C,406FC122C,P,1,PASSENGER,11088.0,65.0,M
3FE72122C,3FE72122C,P,1,PASSENGER,11088.0,63.0,F
40696122C,40696122C,P,1,PASSENGER,11016.0,69.0,F
3FD35122C,3FD35122C,P,1,PASSENGER,11016.0,68.0,F
40641122C,40641122C,P,1,PASSENGER,11092.0,54.0,F
3F7FE122C,3F7FE122C,P,1,PASSENGER,11092.0,59.0,M
3F8E8122C,3F8E8122C,P,1,PASSENGER,11271.0,56.0,F
40911122C,40911122C,P,1,PASSENGER,11271.0,71.0,F
408B1122C,408B1122C,P,1,PASSENGER,11212.0,65.0,F
414D8122C,414D8122C,P,1,PASSENGER,11212.0,73.0,F
400C3122C,400C3122C,P,1,PASSENGER,12520.0,79.0,F
3F962122C,3F962122C,P,1,PASSENGER,12520.0,73.0,F
3F99F122C,3F99F122C,P,1,PASSENGER,12522.0,74.0,M
3FA08122C,3FA08122C,P,1,PASSENGER,13000.0,86.0,F
3FED1122C,3FED1122C,P,1,PASSENGER,13000.0,57.0,F
41068122C,41068122C,P,1,PASSENGER,11106.0,67.0,M
40886122C,40886122C,P,1,PASSENGER,12006.0,61.0,F
3F965122C,3F965122C,P,1,PASSENGER,12006.0,62.0,M
40D7E122C,40D7E122C,P,1,PASSENGER,11158.0,64.0,F
3FC21122C,3FC21122C,P,1,PASSENGER,11158.0,64.0,M
3FDE0122C,3FDE0122C,P,1,PASSENGER,11273.0,47.0,F
3FEF2122C,3FEF2122C,P,1,PASSENGER,11273.0,54.0,M
3E221122C,3E221122C,P,1,PASSENGER,11275.0,72.0,M
3EFCA122C,3EFCA122C,P,1,PASSENGER,11277.0,70.0,F
3F5B9122C,3F5B9122C,P,1,PASSENGER,11277.0,69.0,F
40566122C,40566122C,P,1,PASSENGER,11160.0,66.0,F
3F959122C,3F959122C,P,1,PASSENGER,11160.0,66.0,M
4000B122C,4000B122C,P,1,PASSENGER,11218.0,52.0,F
404A9122C,404A9122C,P,1,PASSENGER,11218.0,62.0,M
3F8E6122C,3F8E6122C,P,1,PASSENGER,11218.0,25.0,M
4072D122C,4072D122C,P,1,PASSENGER,11218.0,20.0,F
401AC122C,401AC122C,P,1,PASSENGER,11170.0,46.0,M
40A0D122C,40A0D122C,P,1,PASSENGER,11170.0,45.0,M
3FF47122C,3FF47122C,P,1,PASSENGER,11558.0,59.0,M
40106122C,40106122C,P,1,PASSENGER,11558.0,55.0,F
3F7C6122C,3F7C6122C,P,1,PASSENGER,11562.0,63.0,M
3F01F122C,3F01F122C,P,1,PASSENGER,11562.0,62.0,F
40625122C,40625122C,P,1,PASSENGER,11568.0,66.0,F
4097F122C,4097F122C,P,1,PASSENGER,11568.0,68.0,M
40622122C,40622122C,P,1,PASSENGER,13118.0,46.0,F
406C6122C,406C6122C,P,1,PASSENGER,13118.0,46.0,F
40235122C,40235122C,P,1,PASSENGER,11208.0,46.0,F
3FC24122C,3FC24122C,P,1,PASSENGER,11208.0,47.0,M
40982122C,40982122C,P,1,PASSENGER,15092.0,72.0,M
3EFB2122C,3EFB2122C,P,1,PASSENGER,11222.0,68.0,F
3F765122C,3F765122C,P,1,PASSENGER,11222.0,30.0,F
3FA78122C,3FA78122C,P,1,PASSENGER,11222.0,38.0,M
4069D122C,4069D122C,P,1,PASSENGER,11222.0,1.0,F
3F0BA122C,3F0BA122C,P,1,PASSENGER,13580.0,57.0,F
3FAEF122C,3FAEF122C,P,1,PASSENGER,11256.0,70.0,F
40699122C,40699122C,P,1,PASSENGER,11256.0,66.0,F
3FE42122C,3FE42122C,P,1,PASSENGER,11258.0,60.0,M
3FA66122C,3FA66122C,P,1,PASSENGER,11175.0,76.0,M
3F91E122C,3F91E122C,P,1,PASSENGER,11175.0,74.0,F
3F921122C,3F921122C,P,1,PASSENGER,11002.0,58.0,M
3FDE7122C,3FDE7122C,P,1,PASSENGER,11036.0,63.0,F
3F9E1122C,3F9E1122C,P,1,PASSENGER,11179.0,53.0,F
3FF42122C,3FF42122C,P,1,PASSENGER,11179.0,60.0,M
41169122C,41169122C,P,1,PASSENGER,11500.0,60.0,M
4064B122C,4064B122C,P,1,PASSENGER,11500.0,59.0,F
3F1F1122C,3F1F1122C,P,1,PASSENGER,11268.0,58.0,M
3F098122C,3F098122C,P,1,PASSENGER,11268.0,54.0,F
4154A122C,4154A122C,P,1,PASSENGER,11238.0,70.0,F
403AF122C,403AF122C,P,1,PASSENGER,11238.0,71.0,F
3FD31122C,3FD31122C,P,1,PASSENGER,11282.0,62.0,F
405BA122C,405BA122C,P,1,PASSENGER,11282.0,69.0,F
3FDE1122C,3FDE1122C,P,1,PASSENGER,11282.0,56.0,F
3FD01122C,3FD01122C,P,1,PASSENGER,12180.0,58.0,F
3F874122C,3F874122C,P,1,PASSENGER,12180.0,64.0,F
3F294122C,3F294122C,P,1,PASSENGER,12180.0,71.0,M
3F7C4122C,3F7C4122C,P,1,PASSENGER,11288.0,69.0,F
3FFC3122C,3FFC3122C,P,1,PASSENGER,11288.0,69.0,M
409C9122C,409C9122C,P,1,PASSENGER,11183.0,79.0,F
3F997122C,3F997122C,P,1,PASSENGER,11292.0,58.0,F
3FA64122C,3FA64122C,P,1,PASSENGER,11292.0,67.0,M
3EFB1122C,3EFB1122C,P,1,PASSENGER,11056.0,69.0,M
40324122C,40324122C,P,1,PASSENGER,11056.0,64.0,F
3F678122C,3F678122C,P,1,PASSENGER,11066.0,71.0,M
4119A122C,4119A122C,P,1,PASSENGER,12528.0,61.0,M
3FE3F122C,3FE3F122C,P,1,PASSENGER,12528.0,53.0,F
414DD122C,414DD122C,P,1,PASSENGER,12023.0,69.0,M
3F261122C,3F261122C,P,1,PASSENGER,11187.0,57.0,F
413AD122C,413AD122C,P,1,PASSENGER,11187.0,57.0,M
406FD122C,406FD122C,P,1,PASSENGER,11070.0,58.0,M
40989122C,40989122C,P,1,PASSENGER,11070.0,53.0,F
4053B122C,4053B122C,P,1,PASSENGER,11070.0,54.0,F
40885122C,40885122C,P,1,PASSENGER,11076.0,72.0,F
4056A122C,4056A122C,P,1,PASSENGER,11076.0,77.0,M
3FD0C122C,3FD0C122C,P,1,PASSENGER,11080.0,70.0,F
3FD36122C,3FD36122C,P,1,PASSENGER,11080.0,59.0,F
4090B122C,4090B122C,P,1,PASSENGER,11189.0,65.0,M
41216122C,41216122C,P,1,PASSENGER,11191.0,45.0,F
40628122C,40628122C,P,1,PASSENGER,11191.0,49.0,M
3FD0A122C,3FD0A122C,P,1,PASSENGER,11191.0,51.0,F
408A8122C,408A8122C,P,1,PASSENGER,11191.0,23.0,M
3F4BB122C,3F4BB122C,P,1,PASSENGER,5026.0,60.0,F
4088C122C,4088C122C,P,1,PASSENGER,5026.0,62.0,F
40941122C,40941122C,P,1,PASSENGER,11506.0,77.0,M
3FB91122C,3FB91122C,P,1,PASSENGER,11506.0,69.0,F
3FDE2122C,3FDE2122C,P,1,PASSENGER,11195.0,57.0,F
3FD6B122C,3FD6B122C,P,1,PASSENGER,11195.0,60.0,M
40644122C,40644122C,P,1,PASSENGER,11197.0,70.0,F
4090C122C,4090C122C,P,1,PASSENGER,11096.0,71.0,M
401AA122C,401AA122C,P,1,PASSENGER,11096.0,71.0,F
4108F122C,4108F122C,P,1,PASSENGER,11108.0,72.0,F
41064122C,41064122C,P,1,PASSENGER,11108.0,39.0,F
4098D122C,4098D122C,P,1,PASSENGER,11108.0,63.0,F
4093C122C,4093C122C,P,1,PASSENGER,11726.0,58.0,M
3FD69122C,3FD69122C,P,1,PASSENGER,11730.0,64.0,F
3F69E122C,3F69E122C,P,1,PASSENGER,11730.0,68.0,M
3F926122C,3F926122C,P,1,PASSENGER,12215.0,55.0,F
3EF31122C,3EF31122C,P,1,PASSENGER,12215.0,57.0,M
3F10A122C,3F10A122C,P,1,PASSENGER,10500.0,52.0,M
3F995122C,3F995122C,P,1,PASSENGER,10502.0,58.0,M
41061122C,41061122C,P,1,PASSENGER,10502.0,57.0,F
3EE6D122C,3EE6D122C,P,1,PASSENGER,11762.0,61.0,F
4072A122C,4072A122C,P,1,PASSENGER,12710.0,60.0,F
4111C122C,4111C122C,P,1,PASSENGER,12710.0,87.0,F
405DB122C,405DB122C,P,1,PASSENGER,12710.0,57.0,F
40627122C,40627122C,P,1,PASSENGER,11772.0,61.0,F
3FAED122C,3FAED122C,P,1,PASSENGER,11772.0,63.0,F
3F67C122C,3F67C122C,P,1,PASSENGER,11778.0,34.0,M
410E9122C,410E9122C,P,1,PASSENGER,11202.0,65.0,M
3FC86122C,3FC86122C,P,1,PASSENGER,11792.0,46.0,M
408AA122C,408AA122C,P,1,PASSENGER,11792.0,87.0,F
405BD122C,405BD122C,P,1,PASSENGER,11796.0,65.0,M
3FB99122C,3FB99122C,P,1,PASSENGER,11112.0,59.0,M
41386122C,41386122C,P,1,PASSENGER,11112.0,54.0,M
3FD6F122C,3FD6F122C,P,1,PASSENGER,11608.0,62.0,F
41547122C,41547122C,P,1,PASSENGER,11608.0,70.0,F
3F259122C,3F259122C,P,1,PASSENGER,11610.0,67.0,F
3F0C1122C,3F0C1122C,P,1,PASSENGER,11610.0,37.0,F
40821122C,40821122C,P,1,PASSENGER,12221.0,63.0,F
405DC122C,405DC122C,P,1,PASSENGER,11672.0,61.0,M
3F17B122C,3F17B122C,P,1,PASSENGER,11672.0,61.0,F
40107122C,40107122C,P,1,PASSENGER,11216.0,62.0,F
403AB122C,403AB122C,P,1,PASSENGER,11216.0,67.0,F
40803122C,40803122C,P,1,PASSENGER,11216.0,74.0,F
3FA65122C,3FA65122C,P,1,PASSENGER,11700.0,63.0,M
4149F122C,4149F122C,P,1,PASSENGER,11700.0,50.0,M
403B2122C,403B2122C,P,1,PASSENGER,10218.0,64.0,M
3F21E122C,3F21E122C,P,1,PASSENGER,13606.0,54.0,M
3EFAD122C,3EFAD122C,P,1,PASSENGER,11712.0,68.0,F
40910122C,40910122C,P,1,PASSENGER,11712.0,67.0,M
3F35E122C,3F35E122C,P,1,PASSENGER,11712.0,43.0,M
3F3BF122C,3F3BF122C,P,1,PASSENGER,11712.0,11.0,M
3F01E122C,3F01E122C,P,1,PASSENGER,10232.0,73.0,M
40908122C,40908122C,P,1,PASSENGER,10232.0,64.0,M
40938122C,40938122C,P,1,PASSENGER,10238.0,61.0,M
4127B122C,4127B122C,P,1,PASSENGER,10238.0,59.0,F
41515122C,41515122C,P,1,PASSENGER,10252.0,65.0,M
406F9122C,406F9122C,P,1,PASSENGER,10252.0,60.0,F
3FBFB122C,3FBFB122C,P,1,PASSENGER,10258.0,62.0,F
3FF44122C,3FF44122C,P,1,PASSENGER,11718.0,58.0,F
3FA63122C,3FA63122C,P,1,PASSENGER,11718.0,55.0,M
3F928122C,3F928122C,P,1,PASSENGER,11718.0,2.0,M
3FA16122C,3FA16122C,P,1,PASSENGER,11718.0,6.0,F
40323122C,40323122C,P,1,PASSENGER,11602.0,72.0,M
3FC26122C,3FC26122C,P,1,PASSENGER,11602.0,71.0,F
3F677122C,3F677122C,P,1,PASSENGER,12225.0,71.0,M
3F053122C,3F053122C,P,1,PASSENGER,12225.0,64.0,F
3F7C8122C,3F7C8122C,P,1,PASSENGER,10262.0,62.0,M
412FB122C,412FB122C,P,1,PASSENGER,10262.0,59.0,F
3EFCC122C,3EFCC122C,P,1,PASSENGER,10266.0,61.0,M
3F9D7122C,3F9D7122C,P,1,PASSENGER,10266.0,61.0,F
3F608122C,3F608122C,P,1,PASSENGER,10270.0,61.0,F
3FC23122C,3FC23122C,P,1,PASSENGER,10270.0,64.0,M
3FAEC122C,3FAEC122C,P,1,PASSENGER,10286.0,72.0,F
3FA5F122C,3FA5F122C,P,1,PASSENGER,10286.0,73.0,M
3F227122C,3F227122C,P,1,PASSENGER,10290.0,58.0,M
4081C122C,4081C122C,P,1,PASSENGER,10290.0,56.0,F
3F7F9122C,3F7F9122C,P,1,PASSENGER,9002.0,48.0,F
3FF7A122C,3FF7A122C,P,1,PASSENGER,9002.0,57.0,F
4019A122C,4019A122C,P,1,PASSENGER,10110.0,65.0,M
3F7CF122C,3F7CF122C,P,1,PASSENGER,10110.0,64.0,F
3F04F122C,3F04F122C,P,1,PASSENGER,10112.0,55.0,M
3F2D4122C,3F2D4122C,P,1,PASSENGER,12021.0,67.0,F
3F143122C,3F143122C,P,1,PASSENGER,12021.0,73.0,M
3F8EC122C,3F8EC122C,P,1,PASSENGER,10116.0,72.0,M
3FA61122C,3FA61122C,P,1,PASSENGER,10116.0,71.0,F
3F996122C,3F996122C,P,1,PASSENGER,12259.0,74.0,F
40565122C,40565122C,P,1,PASSENGER,12259.0,80.0,M
3F8C3122C,3F8C3122C,P,1,PASSENGER,10158.0,76.0,M
402AB122C,402AB122C,P,1,PASSENGER,10158.0,75.0,F
3FD38122C,3FD38122C,P,1,PASSENGER,10166.0,69.0,F
3F028122C,3F028122C,P,1,PASSENGER,10166.0,69.0,M
3F112122C,3F112122C,P,1,PASSENGER,10176.0,61.0,M
3F114122C,3F114122C,P,1,PASSENGER,10176.0,63.0,M
3F13D122C,3F13D122C,P,1,PASSENGER,10198.0,57.0,F
3F69F122C,3F69F122C,P,1,PASSENGER,10198.0,58.0,F
3F177122C,3F177122C,P,1,PASSENGER,10088.0,66.0,F
40437122C,40437122C,P,1,PASSENGER,10088.0,55.0,F
3F924122C,3F924122C,P,1,PASSENGER,10098.0,74.0,F
3F872122C,3F872122C,P,1,PASSENGER,10098.0,70.0,F
3F84C122C,3F84C122C,P,1,PASSENGER,10098.0,64.0,F
3FCAE122C,3FCAE122C,P,1,PASSENGER,12263.0,60.0,F
40109122C,40109122C,P,1,PASSENGER,12263.0,69.0,M
41442122C,41442122C,P,1,PASSENGER,5028.0,63.0,F
407A3122C,407A3122C,P,1,PASSENGER,5028.0,70.0,M
3F70C122C,3F70C122C,P,1,PASSENGER,11516.0,67.0,F
3EF56122C,3EF56122C,P,1,PASSENGER,11516.0,63.0,M
3F10E122C,3F10E122C,P,1,PASSENGER,11516.0,62.0,F
405DD122C,405DD122C,P,1,PASSENGER,12267.0,68.0,F
3F8C4122C,3F8C4122C,P,1,PASSENGER,12267.0,80.0,M
3FA6A122C,3FA6A122C,P,1,PASSENGER,12267.0,75.0,F
403AA122C,403AA122C,P,1,PASSENGER,12267.0,62.0,M
3FACC122C,3FACC122C,P,1,PASSENGER,11520.0,55.0,F
3ECB5122C,3ECB5122C,P,1,PASSENGER,11520.0,55.0,F
3FC27122C,3FC27122C,P,1,PASSENGER,11520.0,61.0,M
3F925122C,3F925122C,P,1,PASSENGER,10712.0,66.0,M
406C3122C,406C3122C,P,1,PASSENGER,10712.0,63.0,F
3F058122C,3F058122C,P,1,PASSENGER,12271.0,63.0,M
406FE122C,406FE122C,P,1,PASSENGER,10718.0,64.0,F
3EF5C122C,3EF5C122C,P,1,PASSENGER,11526.0,60.0,M
40804122C,40804122C,P,1,PASSENGER,11526.0,56.0,F
3FAF7122C,3FAF7122C,P,1,PASSENGER,11526.0,61.0,M
3FE4A122C,3FE4A122C,P,1,PASSENGER,5032.0,55.0,F
3FE78122C,3FE78122C,P,1,PASSENGER,5032.0,57.0,F
40463122C,40463122C,P,1,PASSENGER,5036.0,44.0,F
3F3D1122C,3F3D1122C,P,1,PASSENGER,5036.0,47.0,M
3F69C122C,3F69C122C,P,1,PASSENGER,10722.0,59.0,F
4079D122C,4079D122C,P,1,PASSENGER,10728.0,65.0,F
4132E122C,4132E122C,P,1,PASSENGER,10728.0,66.0,M
3F223122C,3F223122C,P,1,PASSENGER,10752.0,61.0,M
3FACD122C,3FACD122C,P,1,PASSENGER,10752.0,61.0,F
3F92A122C,3F92A122C,P,1,PASSENGER,12273.0,61.0,M
3FFF9122C,3FFF9122C,P,1,PASSENGER,12273.0,69.0,M
3F7C7122C,3F7C7122C,P,1,PASSENGER,10758.0,56.0,F
3FB6C122C,3FB6C122C,P,1,PASSENGER,10758.0,58.0,M
3FE73122C,3FE73122C,P,1,PASSENGER,11776.0,58.0,F
3F056122C,3F056122C,P,1,PASSENGER,11776.0,55.0,M
3F767122C,3F767122C,P,1,PASSENGER,11776.0,54.0,F
3FAF6122C,3FAF6122C,P,1,PASSENGER,10760.0,66.0,F
3F69D122C,3F69D122C,P,1,PASSENGER,10760.0,70.0,M
3EF37122C,3EF37122C,P,1,PASSENGER,10760.0,39.0,M
3F1ED122C,3F1ED122C,P,1,PASSENGER,11780.0,57.0,F
3FDE6122C,3FDE6122C,P,1,PASSENGER,11780.0,57.0,F
40445122C,40445122C,P,1,PASSENGER,11780.0,68.0,F
40694122C,40694122C,P,1,PASSENGER,12552.0,71.0,M
41069122C,41069122C,P,1,PASSENGER,12552.0,64.0,F
3E2A1122C,3E2A1122C,P,1,PASSENGER,10510.0,47.0,F
3FA00122C,3FA00122C,P,1,PASSENGER,10510.0,46.0,M
40140122C,40140122C,P,1,PASSENGER,10516.0,56.0,M
400B3122C,400B3122C,P,1,PASSENGER,10516.0,43.0,F
414E1122C,414E1122C,P,1,PASSENGER,10518.0,69.0,F
40003122C,40003122C,P,1,PASSENGER,10518.0,73.0,M
3F8C0122C,3F8C0122C,P,1,PASSENGER,5050.0,66.0,F
3EF5F122C,3EF5F122C,P,1,PASSENGER,12281.0,62.0,M
40808122C,40808122C,P,1,PASSENGER,10522.0,64.0,F
40660122C,40660122C,P,1,PASSENGER,10522.0,64.0,M
41517122C,41517122C,P,1,PASSENGER,5056.0,47.0,M
404F8122C,404F8122C,P,1,PASSENGER,10528.0,70.0,F
3F60B122C,3F60B122C,P,1,PASSENGER,10532.0,85.0,M
3F6A2122C,3F6A2122C,P,1,PASSENGER,10532.0,57.0,F
40826122C,40826122C,P,1,PASSENGER,10538.0,63.0,F
405B8122C,405B8122C,P,1,PASSENGER,10538.0,58.0,M
413AA122C,413AA122C,P,1,PASSENGER,10762.0,63.0,F
3FAD1122C,3FAD1122C,P,1,PASSENGER,10762.0,73.0,F
4079E122C,4079E122C,P,1,PASSENGER,12167.0,60.0,F
3FD03122C,3FD03122C,P,1,PASSENGER,12167.0,68.0,M
3EE44122C,3EE44122C,P,1,PASSENGER,5060.0,58.0,F
40328122C,40328122C,P,1,PASSENGER,12171.0,53.0,M
4088E122C,4088E122C,P,1,PASSENGER,12171.0,54.0,M
3FD02122C,3FD02122C,P,1,PASSENGER,12173.0,53.0,F
403B9122C,403B9122C,P,1,PASSENGER,12173.0,53.0,F
3FDEA122C,3FDEA122C,P,1,PASSENGER,5062.0,60.0,F
3FEFA122C,3FEFA122C,P,1,PASSENGER,5062.0,28.0,M
3F8C2122C,3F8C2122C,P,1,PASSENGER,5066.0,63.0,M
3F04E122C,3F04E122C,P,1,PASSENGER,5066.0,73.0,M
40623122C,40623122C,P,1,PASSENGER,12030.0,60.0,M
3F1F3122C,3F1F3122C,P,1,PASSENGER,12030.0,29.0,M
3F7CC122C,3F7CC122C,P,1,PASSENGER,12030.0,27.0,F
40725122C,40725122C,P,1,PASSENGER,12030.0,27.0,F
3F295122C,3F295122C,P,1,PASSENGER,12025.0,60.0,F
3F9DB122C,3F9DB122C,P,1,PASSENGER,12025.0,32.0,M
4141A122C,4141A122C,P,1,PASSENGER,12025.0,16.0,M
3F7C9122C,3F7C9122C,P,1,PASSENGER,12025.0,13.0,F
3F0B6122C,3F0B6122C,P,1,PASSENGER,12175.0,67.0,M
3F6F3122C,3F6F3122C,P,1,PASSENGER,12175.0,61.0,F
40087122C,40087122C,P,1,PASSENGER,10772.0,62.0,F
3F11C122C,3F11C122C,P,1,PASSENGER,10772.0,28.0,F
41063122C,41063122C,P,1,PASSENGER,10772.0,84.0,F
3F518122C,3F518122C,P,1,PASSENGER,12179.0,54.0,M
3F99C122C,3F99C122C,P,1,PASSENGER,12179.0,29.0,M
4019C122C,4019C122C,P,1,PASSENGER,10778.0,58.0,F
3F293122C,3F293122C,P,1,PASSENGER,10778.0,49.0,F
3FDE9122C,3FDE9122C,P,1,PASSENGER,10778.0,78.0,F
4057A122C,4057A122C,P,1,PASSENGER,12181.0,68.0,F
3FAF5122C,3FAF5122C,P,1,PASSENGER,12181.0,39.0,M
4020A122C,4020A122C,P,1,PASSENGER,12181.0,6.0,F
41098122C,41098122C,P,1,PASSENGER,12181.0,1.0,M
3F62C122C,3F62C122C,P,1,PASSENGER,12183.0,71.0,M
3FA04122C,3FA04122C,P,1,PASSENGER,12183.0,38.0,F
40FE2122C,40FE2122C,P,1,PASSENGER,10786.0,63.0,F
3FD0B122C,3FD0B122C,P,1,PASSENGER,10786.0,66.0,M
40537122C,40537122C,P,1,PASSENGER,10790.0,55.0,F
3F175122C,3F175122C,P,1,PASSENGER,10790.0,27.0,F
3F681122C,3F681122C,P,1,PASSENGER,12191.0,81.0,F
408AE122C,408AE122C,P,1,PASSENGER,10616.0,66.0,M
41448122C,41448122C,P,1,PASSENGER,10616.0,61.0,F
40432122C,40432122C,P,1,PASSENGER,5078.0,57.0,M
4056B122C,4056B122C,P,1,PASSENGER,5078.0,53.0,F
40A10122C,40A10122C,P,1,PASSENGER,12568.0,62.0,F
40009122C,40009122C,P,1,PASSENGER,12568.0,61.0,F
4022C122C,4022C122C,P,1,PASSENGER,12568.0,69.0,F
40083122C,40083122C,P,1,PASSENGER,10660.0,49.0,F
3F054122C,3F054122C,P,1,PASSENGER,10660.0,82.0,F
3F8EB122C,3F8EB122C,P,1,PASSENGER,12193.0,58.0,F
3FB9A122C,3FB9A122C,P,1,PASSENGER,12193.0,50.0,F
3F2D2122C,3F2D2122C,P,1,PASSENGER,10666.0,70.0,M
4032A122C,4032A122C,P,1,PASSENGER,10666.0,67.0,F
40936122C,40936122C,P,1,PASSENGER,12195.0,53.0,M
3F787122C,3F787122C,P,1,PASSENGER,12195.0,53.0,F
3EFAE122C,3EFAE122C,P,1,PASSENGER,12195.0,29.0,M
3F13C122C,3F13C122C,P,1,PASSENGER,12195.0,27.0,F
41060122C,41060122C,P,1,PASSENGER,11015.0,53.0,F
40111122C,40111122C,P,1,PASSENGER,11015.0,13.0,M
40E10122C,40E10122C,P,1,PASSENGER,15592.0,53.0,F
3FCB8122C,3FCB8122C,P,1,PASSENGER,13096.0,71.0,F
3F7FA122C,3F7FA122C,P,1,PASSENGER,13096.0,73.0,M
40698122C,40698122C,P,1,PASSENGER,13500.0,62.0,F
3F605122C,3F605122C,P,1,PASSENGER,13500.0,63.0,F
3F448122C,3F448122C,P,1,PASSENGER,10672.0,48.0,F
3FDBD122C,3FDBD122C,P,1,PASSENGER,10672.0,47.0,F
3F91F122C,3F91F122C,P,1,PASSENGER,10676.0,65.0,F
3FCB1122C,3FCB1122C,P,1,PASSENGER,10676.0,64.0,M
3F70A122C,3F70A122C,P,1,PASSENGER,10676.0,38.0,F
4065E122C,4065E122C,P,1,PASSENGER,10702.0,74.0,F
40440122C,40440122C,P,1,PASSENGER,10702.0,59.0,F
403B6122C,403B6122C,P,1,PASSENGER,10556.0,78.0,F
403A5122C,403A5122C,P,1,PASSENGER,10556.0,66.0,M
3F515122C,3F515122C,P,1,PASSENGER,10558.0,78.0,F
3FCB6122C,3FCB6122C,P,1,PASSENGER,13125.0,51.0,F
404EA122C,404EA122C,P,1,PASSENGER,13125.0,65.0,F
405C1122C,405C1122C,P,1,PASSENGER,13125.0,39.0,M
3FB6B122C,3FB6B122C,P,1,PASSENGER,13671.0,75.0,F
3F601122C,3F601122C,P,1,PASSENGER,13671.0,80.0,M
4000A122C,4000A122C,P,1,PASSENGER,10568.0,70.0,F
3FD72122C,3FD72122C,P,1,PASSENGER,10568.0,48.0,M
3F144122C,3F144122C,P,1,PASSENGER,10578.0,53.0,M
401B3122C,401B3122C,P,1,PASSENGER,10578.0,62.0,M
3F21C122C,3F21C122C,P,1,PASSENGER,10582.0,49.0,F
3F19F122C,3F19F122C,P,1,PASSENGER,13706.0,66.0,F
40568122C,40568122C,P,1,PASSENGER,13706.0,73.0,M
3F09E122C,3F09E122C,P,1,PASSENGER,13673.0,70.0,M
3F7CA122C,3F7CA122C,P,1,PASSENGER,13673.0,68.0,F
40904122C,40904122C,P,1,PASSENGER,10588.0,61.0,F
409B9122C,409B9122C,P,1,PASSENGER,10588.0,62.0,M
3F5B0122C,3F5B0122C,P,1,PASSENGER,11612.0,58.0,F
3F440122C,3F440122C,P,1,PASSENGER,11612.0,33.0,F
3F53C122C,3F53C122C,P,1,PASSENGER,11612.0,33.0,M
3F6F2122C,3F6F2122C,P,1,PASSENGER,13675.0,61.0,M
3F7CB122C,3F7CB122C,P,1,PASSENGER,13675.0,70.0,F
3F9DD122C,3F9DD122C,P,1,PASSENGER,13675.0,27.0,M
403B4122C,403B4122C,P,1,PASSENGER,13675.0,63.0,F
4029E122C,4029E122C,P,1,PASSENGER,11698.0,69.0,M
3F770122C,3F770122C,P,1,PASSENGER,11698.0,56.0,F
3FE44122C,3FE44122C,P,1,PASSENGER,11698.0,60.0,M
3FB9B122C,3FB9B122C,P,1,PASSENGER,11698.0,47.0,F
3F178122C,3F178122C,P,1,PASSENGER,10592.0,76.0,M
3F6F9122C,3F6F9122C,P,1,PASSENGER,10592.0,69.0,M
3EF3A122C,3EF3A122C,P,1,PASSENGER,12530.0,65.0,F
3F1EC122C,3F1EC122C,P,1,PASSENGER,12530.0,16.0,F
404A6122C,404A6122C,P,1,PASSENGER,12530.0,16.0,F
3F09C122C,3F09C122C,P,1,PASSENGER,12536.0,43.0,F
3F0BC122C,3F0BC122C,P,1,PASSENGER,12027.0,63.0,F
3FC84122C,3FC84122C,P,1,PASSENGER,13582.0,63.0,F
3FB66122C,3FB66122C,P,1,PASSENGER,8528.0,66.0,M
3FDC3122C,3FDC3122C,P,1,PASSENGER,8528.0,55.0,M
3EFAB122C,3EFAB122C,P,1,PASSENGER,8528.0,55.0,F
3FC22122C,3FC22122C,P,1,PASSENGER,13677.0,60.0,M
3FD74122C,3FD74122C,P,1,PASSENGER,13677.0,33.0,F
40198122C,40198122C,P,1,PASSENGER,13679.0,47.0,M
404E5122C,404E5122C,P,1,PASSENGER,10598.0,64.0,F
4053C122C,4053C122C,P,1,PASSENGER,10598.0,70.0,F
4064A122C,4064A122C,P,1,PASSENGER,10602.0,60.0,F
3FFBE122C,3FFBE122C,P,1,PASSENGER,13681.0,69.0,F
3F055122C,3F055122C,P,1,PASSENGER,13683.0,66.0,F
3F2FD122C,3F2FD122C,P,1,PASSENGER,13683.0,69.0,M
405DE122C,405DE122C,P,1,PASSENGER,12208.0,66.0,M
3FB94122C,3FB94122C,P,1,PASSENGER,12218.0,55.0,M
3FA0C122C,3FA0C122C,P,1,PASSENGER,12218.0,63.0,F
3FCB7122C,3FCB7122C,P,1,PASSENGER,15063.0,57.0,F
3FDE3122C,3FDE3122C,P,1,PASSENGER,15063.0,50.0,F
3F766122C,3F766122C,P,1,PASSENGER,15063.0,58.0,F
3F99B122C,3F99B122C,P,1,PASSENGER,11702.0,53.0,F
404FB122C,404FB122C,P,1,PASSENGER,11702.0,47.0,M
403A3122C,403A3122C,P,1,PASSENGER,11702.0,12.0,M
404E4122C,404E4122C,P,1,PASSENGER,11702.0,10.0,F
404AE122C,404AE122C,P,1,PASSENGER,12228.0,72.0,F
3F9D0122C,3F9D0122C,P,1,PASSENGER,15067.0,66.0,F
404AB122C,404AB122C,P,1,PASSENGER,15069.0,28.0,M
3F84B122C,3F84B122C,P,1,PASSENGER,15069.0,28.0,F
3F876122C,3F876122C,P,1,PASSENGER,15069.0,24.0,F
3F606122C,3F606122C,P,1,PASSENGER,12232.0,28.0,M
402AA122C,402AA122C,P,1,PASSENGER,12238.0,48.0,M
3FDE5122C,3FDE5122C,P,1,PASSENGER,12238.0,42.0,F
3F6F1122C,3F6F1122C,P,1,PASSENGER,12250.0,47.0,F
3FF4C122C,3FF4C122C,P,1,PASSENGER,12250.0,48.0,M
405D9122C,405D9122C,P,1,PASSENGER,12598.0,72.0,M
3F76B122C,3F76B122C,P,1,PASSENGER,12598.0,69.0,M
40113122C,40113122C,P,1,PASSENGER,15018.0,59.0,M
404F7122C,404F7122C,P,1,PASSENGER,15018.0,55.0,F
4088D122C,4088D122C,P,1,PASSENGER,15018.0,67.0,M
3FA02122C,3FA02122C,P,1,PASSENGER,11038.0,65.0,M
40322122C,40322122C,P,1,PASSENGER,13552.0,57.0,M
40D81122C,40D81122C,P,1,PASSENGER,13552.0,53.0,F
3F142122C,3F142122C,P,1,PASSENGER,13586.0,27.0,
3FA80122C,3FA80122C,P,1,PASSENGER,13586.0,49.0,
40434122C,40434122C,P,1,PASSENGER,12190.0,51.0,
4154B122C,4154B122C,P,1,PASSENGER,12672.0,47.0,
3FB65122C,3FB65122C,P,1,PASSENGER,12672.0,32.0,
409C5122C,409C5122C,P,1,PASSENGER,13006.0,32.0,M
32C3E122C,32C3E122C,P,1,PASSENGER,13006.0,29.0,F
40820122C,40820122C,P,1,PASSENGER,13006.0,2.0,F
3FBF4122C,3FBF4122C,P,1,PASSENGER,12622.0,37.0,M
3F871122C,3F871122C,P,1,PASSENGER,12622.0,34.0,F
3E1A1122C,3E1A1122C,P,1,PASSENGER,15006.0,51.0,M
4043F122C,4043F122C,P,1,PASSENGER,15006.0,46.0,F
40088122C,40088122C,P,1,PASSENGER,15002.0,61.0,M
40436122C,40436122C,P,1,PASSENGER,15002.0,63.0,F
40569122C,40569122C,P,1,PASSENGER,15086.0,59.0,M
40007122C,40007122C,P,1,PASSENGER,15086.0,60.0,M
40333122C,40333122C,P,1,PASSENGER,17328.0,71.0,M
4119B122C,4119B122C,P,1,PASSENGER,17328.0,66.0,F
40587122C,40587122C,P,1,PASSENGER,15008.0,33.0,M
407EC122C,407EC122C,P,1,PASSENGER,15008.0,33.0,F
40F64122C,40F64122C,P,1,PASSENGER,15008.0,27.0,M
4020F122C,4020F122C,P,1,PASSENGER,15008.0,28.0,F
40806122C,40806122C,P,1,PASSENGER,11538.0,65.0,M
3F7F4122C,3F7F4122C,P,1,PASSENGER,11538.0,50.0,F
3FED3122C,3FED3122C,P,1,PASSENGER,11538.0,80.0,F
3FD67122C,3FD67122C,P,1,PASSENGER,11538.0,12.0,F
40E7C122C,40E7C122C,P,1,PASSENGER,15016.0,50.0,M
40199122C,40199122C,P,1,PASSENGER,15016.0,50.0,F
40EFD122C,40EFD122C,P,1,PASSENGER,17268.0,54.0,M
403B7122C,403B7122C,P,1,PASSENGER,17268.0,54.0,F
40296122C,40296122C,P,1,PASSENGER,15536.0,61.0,M
40337122C,40337122C,P,1,PASSENGER,15536.0,62.0,F
40972122C,40972122C,P,1,PASSENGER,16188.0,71.0,M
3E180122C,3E180122C,P,1,PASSENGER,16188.0,61.0,M
405BC122C,405BC122C,P,1,PASSENGER,17228.0,40.0,M
3FACB122C,3FACB122C,P,1,PASSENGER,13598.0,59.0,F
3EEC2122C,3EEC2122C,P,1,PASSENGER,13596.0,63.0,M
410E3122C,410E3122C,P,1,PASSENGER,15508.0,75.0,M
409BB122C,409BB122C,P,1,PASSENGER,13162.0,72.0,M
3EF38122C,3EF38122C,P,1,PASSENGER,13162.0,68.0,F
400B7122C,400B7122C,P,1,PASSENGER,15036.0,47.0,F
407A0122C,407A0122C,P,1,PASSENGER,15036.0,20.0,F
403BA122C,403BA122C,P,1,PASSENGER,13112.0,70.0,M
40776122C,40776122C,P,1,PASSENGER,13112.0,70.0,F
3F7F8122C,3F7F8122C,P,1,PASSENGER,13102.0,51.0,M
40299122C,40299122C,P,1,PASSENGER,13106.0,51.0,M
4079C122C,4079C122C,P,1,PASSENGER,13106.0,52.0,F
40297122C,40297122C,P,1,PASSENGER,16228.0,58.0,M
401B9122C,401B9122C,P,1,PASSENGER,16228.0,51.0,F
40143122C,40143122C,P,1,PASSENGER,11592.0,74.0,F
3E451122C,3E451122C,P,1,PASSENGER,15506.0,60.0,F
3FECD122C,3FECD122C,P,1,PASSENGER,13108.0,22.0,F
40695122C,40695122C,P,1,PASSENGER,13108.0,22.0,M
3F9E3122C,3F9E3122C,P,1,PASSENGER,11582.0,69.0,F
40624122C,40624122C,P,1,PASSENGER,11582.0,68.0,M
4090D122C,4090D122C,P,1,PASSENGER,10208.0,66.0,M
3F998122C,3F998122C,P,1,PASSENGER,10208.0,63.0,F
404E1122C,404E1122C,P,1,PASSENGER,12612.0,39.0,F
4149E122C,4149E122C,P,1,PASSENGER,12612.0,41.0,
40044122C,40044122C,P,1,PASSENGER,11058.0,66.0,M
3FE6D122C,3FE6D122C,P,1,PASSENGER,11058.0,61.0,F
40564122C,40564122C,P,1,PASSENGER,11062.0,62.0,F
4019B122C,4019B122C,P,1,PASSENGER,11062.0,66.0,M
4032D122C,4032D122C,P,1,PASSENGER,13532.0,53.0,F
40974122C,40974122C,P,1,PASSENGER,17088.0,72.0,M
40592122C,40592122C,P,1,PASSENGER,17088.0,58.0,F
40A0F122C,40A0F122C,P,1,PASSENGER,12662.0,57.0,M
3F58A122C,3F58A122C,P,1,PASSENGER,12662.0,52.0,M
3FF4D122C,3FF4D122C,P,1,PASSENGER,12656.0,59.0,M
3FE49122C,3FE49122C,P,1,PASSENGER,12656.0,57.0,F
3F84A122C,3F84A122C,P,1,PASSENGER,12660.0,61.0,M
3FBF2122C,3FBF2122C,P,1,PASSENGER,12660.0,53.0,F
403A6122C,403A6122C,P,1,PASSENGER,15026.0,53.0,M
405B9122C,405B9122C,P,1,PASSENGER,15026.0,44.0,F
413AC122C,413AC122C,P,1,PASSENGER,10216.0,46.0,F
3F364122C,3F364122C,P,1,PASSENGER,10216.0,43.0,M
40726122C,40726122C,P,1,PASSENGER,15032.0,61.0,M
40117122C,40117122C,P,1,PASSENGER,15032.0,60.0,F
3F86B122C,3F86B122C,P,1,PASSENGER,13136.0,59.0,F
3FB95122C,3FB95122C,P,1,PASSENGER,13136.0,70.0,F
3F629122C,3F629122C,P,1,PASSENGER,12658.0,69.0,F
40766122C,40766122C,P,1,PASSENGER,12658.0,75.0,M
40F89122C,40F89122C,P,1,PASSENGER,13012.0,67.0,M
4090F122C,4090F122C,P,1,PASSENGER,13012.0,63.0,F
3F788122C,3F788122C,P,1,PASSENGER,13138.0,64.0,M
403AE122C,403AE122C,P,1,PASSENGER,13138.0,70.0,M
3FD71122C,3FD71122C,P,1,PASSENGER,12032.0,31.0,M
4081F122C,4081F122C,P,1,PASSENGER,12032.0,36.0,M
40576122C,40576122C,P,1,PASSENGER,13016.0,59.0,F
404AA122C,404AA122C,P,1,PASSENGER,13016.0,72.0,M
408B2122C,408B2122C,P,1,PASSENGER,10276.0,32.0,M
40142122C,40142122C,P,1,PASSENGER,10276.0,32.0,F
4043E122C,4043E122C,P,1,PASSENGER,13002.0,58.0,F
40231122C,40231122C,P,1,PASSENGER,13002.0,63.0,M
40330122C,40330122C,P,1,PASSENGER,10282.0,31.0,M
40722122C,40722122C,P,1,PASSENGER,10282.0,31.0,F
3F09A122C,3F09A122C,P,1,PASSENGER,10282.0,2.0,F
4056E122C,4056E122C,P,1,PASSENGER,10288.0,66.0,M
3FAF2122C,3FAF2122C,P,1,PASSENGER,10288.0,65.0,F
40CFD122C,40CFD122C,P,1,PASSENGER,10292.0,56.0,M
3F95E122C,3F95E122C,P,1,PASSENGER,10230.0,48.0,F
406FB122C,406FB122C,P,1,PASSENGER,10230.0,53.0,F
3F29C122C,3F29C122C,P,1,PASSENGER,12678.0,46.0,M
3F8E9122C,3F8E9122C,P,1,PASSENGER,12678.0,48.0,F
40EEF122C,40EEF122C,P,1,PASSENGER,13020.0,57.0,M
4020E122C,4020E122C,P,1,PASSENGER,13020.0,54.0,F
3F76A122C,3F76A122C,P,1,PASSENGER,10226.0,56.0,M
40A11122C,40A11122C,P,1,PASSENGER,10226.0,55.0,F
4079B122C,4079B122C,P,1,PASSENGER,10750.0,56.0,M
3F1A1122C,3F1A1122C,P,1,PASSENGER,10750.0,60.0,F
3F99E122C,3F99E122C,P,1,PASSENGER,10730.0,35.0,M
40041122C,40041122C,P,1,PASSENGER,10730.0,33.0,F
3F710122C,3F710122C,P,1,PASSENGER,10730.0,34.0,M
3FBF3122C,3FBF3122C,P,1,PASSENGER,13600.0,61.0,M
3FE75122C,3FE75122C,P,1,PASSENGER,13600.0,59.0,M
3F140122C,3F140122C,P,1,PASSENGER,10206.0,56.0,F
3FF78122C,3FF78122C,P,1,PASSENGER,10206.0,57.0,M
3FFB9122C,3FFB9122C,P,1,PASSENGER,10736.0,74.0,M
4053E122C,4053E122C,P,1,PASSENGER,10736.0,75.0,F
3FDE8122C,3FDE8122C,P,1,PASSENGER,12116.0,53.0,M
3F870122C,3F870122C,P,1,PASSENGER,12116.0,50.0,F
412FF122C,412FF122C,P,1,PASSENGER,12262.0,59.0,M
3FEF4122C,3FEF4122C,P,1,PASSENGER,12262.0,60.0,F
400BB122C,400BB122C,P,1,PASSENGER,10788.0,64.0,M
41511122C,41511122C,P,1,PASSENGER,10788.0,58.0,F
3F110122C,3F110122C,P,1,PASSENGER,10700.0,57.0,F
3EECC122C,3EECC122C,P,1,PASSENGER,10700.0,59.0,M
403AC122C,403AC122C,P,1,PASSENGER,10780.0,56.0,M
3F783122C,3F783122C,P,1,PASSENGER,10780.0,29.0,M
3F199122C,3F199122C,P,1,PASSENGER,10708.0,55.0,F
3F67B122C,3F67B122C,P,1,PASSENGER,10708.0,34.0,M
3F307122C,3F307122C,P,1,PASSENGER,10708.0,33.0,F
40230122C,40230122C,P,1,PASSENGER,10716.0,35.0,M
4047E122C,4047E122C,P,1,PASSENGER,10716.0,29.0,F
401B5122C,401B5122C,P,1,PASSENGER,10792.0,68.0,F
4080E122C,4080E122C,P,1,PASSENGER,10792.0,51.0,F
408A9122C,408A9122C,P,1,PASSENGER,10720.0,61.0,M
3FACA122C,3FACA122C,P,1,PASSENGER,10720.0,57.0,F
3EF34122C,3EF34122C,P,1,PASSENGER,10706.0,78.0,M
404EC122C,404EC122C,P,1,PASSENGER,10706.0,54.0,
3FC1F122C,3FC1F122C,P,1,PASSENGER,12220.0,47.0,F
3FA7A122C,3FA7A122C,P,1,PASSENGER,12220.0,14.0,F
3FA68122C,3FA68122C,P,1,PASSENGER,12230.0,48.0,M
40085122C,40085122C,P,1,PASSENGER,12226.0,65.0,F
3FC29122C,3FC29122C,P,1,PASSENGER,12226.0,40.0,F
40798122C,40798122C,P,1,PASSENGER,12236.0,65.0,F
40236122C,40236122C,P,1,PASSENGER,12210.0,69.0,M
40768122C,40768122C,P,1,PASSENGER,12210.0,59.0,M
3EF5E122C,3EF5E122C,P,1,PASSENGER,12270.0,62.0,F
40295122C,40295122C,P,1,PASSENGER,12270.0,66.0,M
3FAD2122C,3FAD2122C,P,1,PASSENGER,12216.0,54.0,F
40649122C,40649122C,P,1,PASSENGER,12216.0,55.0,M
3F19D122C,3F19D122C,P,1,PASSENGER,12770.0,59.0,F
3FB93122C,3FB93122C,P,1,PASSENGER,12770.0,61.0,M
3EFAF122C,3EFAF122C,P,1,PASSENGER,12202.0,56.0,F
413A7122C,413A7122C,P,1,PASSENGER,12202.0,63.0,
409C3122C,409C3122C,P,1,PASSENGER,12018.0,66.0,M
3FED6122C,3FED6122C,P,1,PASSENGER,12276.0,62.0,M
40439122C,40439122C,P,1,PASSENGER,11052.0,61.0,M
40441122C,40441122C,P,1,PASSENGER,11052.0,62.0,F
3FDEB122C,3FDEB122C,P,1,PASSENGER,12702.0,53.0,M
3FC88122C,3FC88122C,P,1,PASSENGER,12702.0,56.0,M
409CB122C,409CB122C,P,1,PASSENGER,12702.0,52.0,M
4097E122C,4097E122C,P,1,PASSENGER,12716.0,73.0,M
40909122C,40909122C,P,1,PASSENGER,12716.0,71.0,F
40824122C,40824122C,P,1,PASSENGER,12720.0,59.0,F
40570122C,40570122C,P,1,PASSENGER,12720.0,50.0,F
41398122C,41398122C,P,1,PASSENGER,12736.0,58.0,M
3FECC122C,3FECC122C,P,1,PASSENGER,12512.0,49.0,F
4088A122C,4088A122C,P,1,PASSENGER,12512.0,46.0,M
4076F122C,4076F122C,P,1,PASSENGER,12518.0,56.0,M
3FDBE122C,3FDBE122C,P,1,PASSENGER,12778.0,78.0,F
40043122C,40043122C,P,1,PASSENGER,8080.0,37.0,M
408AC122C,408AC122C,P,1,PASSENGER,8066.0,86.0,M
4043C122C,4043C122C,P,1,PASSENGER,8066.0,71.0,F
40887122C,40887122C,P,1,PASSENGER,8076.0,73.0,F
4138A122C,4138A122C,P,1,PASSENGER,8076.0,41.0,F
3FB97122C,3FB97122C,P,1,PASSENGER,8558.0,72.0,M
41449122C,41449122C,P,1,PASSENGER,8558.0,50.0,M
407A2122C,407A2122C,P,1,PASSENGER,8108.0,54.0,M
406F4122C,406F4122C,P,1,PASSENGER,8108.0,48.0,F
3FB9C122C,3FB9C122C,P,1,PASSENGER,8070.0,62.0,F
3F847122C,3F847122C,P,1,PASSENGER,8070.0,66.0,M
403B0122C,403B0122C,P,1,PASSENGER,8086.0,52.0,F
3F25B122C,3F25B122C,P,1,PASSENGER,8086.0,55.0,F
32FAA122C,32FAA122C,P,1,PASSENGER,8106.0,61.0,M
403B3122C,403B3122C,P,1,PASSENGER,8106.0,43.0,F
3F8E7122C,3F8E7122C,P,1,PASSENGER,8106.0,8.0,M
3F022122C,3F022122C,P,1,PASSENGER,8106.0,12.0,M
3F70B122C,3F70B122C,P,1,PASSENGER,8110.0,69.0,M
406F8122C,406F8122C,P,1,PASSENGER,8110.0,66.0,M
4132F122C,4132F122C,P,1,PASSENGER,8110.0,61.0,F
3F3BE122C,3F3BE122C,P,1,PASSENGER,8110.0,15.0,F
3FA7C122C,3FA7C122C,P,1,PASSENGER,13232.0,65.0,M
3F709122C,3F709122C,P,1,PASSENGER,13232.0,59.0,M
3F1EE122C,3F1EE122C,P,1,PASSENGER,13232.0,55.0,
3F542122C,3F542122C,P,1,PASSENGER,13730.0,64.0,F
3FE74122C,3FE74122C,P,1,PASSENGER,13230.0,68.0,M
3FFBD122C,3FFBD122C,P,1,PASSENGER,13230.0,67.0,F
3F226122C,3F226122C,P,1,PASSENGER,11676.0,26.0,F
3EFD6122C,3EFD6122C,P,1,PASSENGER,11676.0,25.0,M
3F769122C,3F769122C,P,1,PASSENGER,11680.0,27.0,M
3F43E122C,3F43E122C,P,1,PASSENGER,11680.0,27.0,F
3F86F122C,3F86F122C,P,1,PASSENGER,11680.0,27.0,M
3EE55122C,3EE55122C,P,1,PASSENGER,11680.0,27.0,F
413A8122C,413A8122C,P,1,PASSENGER,11686.0,29.0,M
3E17D122C,3E17D122C,P,1,PASSENGER,11686.0,26.0,F
3F51B122C,3F51B122C,P,1,PASSENGER,11686.0,29.0,M
3F5B4122C,3F5B4122C,P,1,PASSENGER,11686.0,26.0,F
3F21D122C,3F21D122C,P,1,PASSENGER,11692.0,23.0,F
3F298122C,3F298122C,P,1,PASSENGER,11692.0,23.0,M
3E1A4122C,3E1A4122C,P,1,PASSENGER,15010.0,60.0,M
403A8122C,403A8122C,P,1,PASSENGER,15010.0,56.0,F
405BE122C,405BE122C,P,1,PASSENGER,12620.0,61.0,F
4022B122C,4022B122C,P,1,PASSENGER,12620.0,31.0,F
4093D122C,4093D122C,P,1,PASSENGER,17038.0,60.0,F
40981122C,40981122C,P,1,PASSENGER,17038.0,61.0,M
404E2122C,404E2122C,P,1,PASSENGER,8532.0,72.0,F
3F050122C,3F050122C,P,1,PASSENGER,8532.0,66.0,F
3F51E122C,3F51E122C,P,1,PASSENGER,8532.0,71.0,M
40E88122C,40E88122C,P,1,PASSENGER,15510.0,65.0,M
40F09122C,40F09122C,P,1,PASSENGER,15510.0,53.0,F
3FA5B122C,3FA5B122C,P,1,PASSENGER,5030.0,62.0,F
3F95B122C,3F95B122C,P,1,PASSENGER,5030.0,62.0,M
3FF48122C,3FF48122C,P,1,PASSENGER,11267.0,51.0,M
3F8C7122C,3F8C7122C,P,1,PASSENGER,11267.0,47.0,F
40115122C,40115122C,P,1,PASSENGER,11267.0,11.0,F
40567122C,40567122C,P,1,PASSENGER,15516.0,63.0,F
40764122C,40764122C,P,1,PASSENGER,15516.0,71.0,M
4106B122C,4106B122C,P,1,PASSENGER,12610.0,59.0,F
4093B122C,4093B122C,P,1,PASSENGER,13090.0,64.0,F
4076A122C,4076A122C,P,1,PASSENGER,13156.0,72.0,F
3FAF4122C,3FAF4122C,P,1,PASSENGER,12120.0,68.0,F
40193122C,40193122C,P,1,PASSENGER,12120.0,71.0,M
3F4A9122C,3F4A9122C,P,1,PASSENGER,11688.0,27.0,M
40431122C,40431122C,P,1,PASSENGER,11688.0,25.0,F
3F591122C,3F591122C,P,1,PASSENGER,12026.0,57.0,F
3FB96122C,3FB96122C,P,1,PASSENGER,12028.0,63.0,M
4072B122C,4072B122C,P,1,PASSENGER,12562.0,60.0,M
40772122C,40772122C,P,1,PASSENGER,12562.0,39.0,F
3F0B7122C,3F0B7122C,P,1,PASSENGER,12562.0,43.0,M
402A3122C,402A3122C,P,1,PASSENGER,15022.0,44.0,F
40E86122C,40E86122C,P,1,PASSENGER,15022.0,51.0,M
3E178122C,3E178122C,P,1,PASSENGER,15022.0,9.0,F
408FB122C,408FB122C,P,1,PASSENGER,15022.0,12.0,F
3FDC6122C,3FDC6122C,P,1,PASSENGER,13120.0,34.0,F
3F679122C,3F679122C,P,1,PASSENGER,13120.0,46.0,M
414DE122C,414DE122C,P,1,PASSENGER,13120.0,10.0,M
3EEBC122C,3EEBC122C,P,1,PASSENGER,13566.0,73.0,M
40DF4122C,40DF4122C,P,1,PASSENGER,17338.0,54.0,M
4022F122C,4022F122C,P,1,PASSENGER,17338.0,51.0,F
3FDC4122C,3FDC4122C,P,1,PASSENGER,11118.0,64.0,M
3F91D122C,3F91D122C,P,1,PASSENGER,11118.0,58.0,F
3FED4122C,3FED4122C,P,1,PASSENGER,13578.0,64.0,M
3FF49122C,3FF49122C,P,1,PASSENGER,13578.0,62.0,F
4069C122C,4069C122C,P,1,PASSENGER,11120.0,62.0,M
41410122C,41410122C,P,1,PASSENGER,11120.0,61.0,F
4081D122C,4081D122C,P,1,PASSENGER,13228.0,44.0,M
403A4122C,403A4122C,P,1,PASSENGER,13228.0,42.0,M
401AB122C,401AB122C,P,1,PASSENGER,13228.0,42.0,F
3FD08122C,3FD08122C,P,1,PASSENGER,13588.0,46.0,M
40211122C,40211122C,P,1,PASSENGER,13588.0,49.0,F
3F602122C,3F602122C,P,1,PASSENGER,13588.0,76.0,M
3E115122C,3E115122C,P,1,PASSENGER,13050.0,39.0,F
409C1122C,409C1122C,P,1,PASSENGER,13050.0,50.0,F
3E0F0122C,3E0F0122C,P,1,PASSENGER,13050.0,48.0,F
40145122C,40145122C,P,1,PASSENGER,13052.0,55.0,F
4003B122C,4003B122C,P,1,PASSENGER,13052.0,55.0,M
40620122C,40620122C,P,1,PASSENGER,11008.0,32.0,M
403A9122C,403A9122C,P,1,PASSENGER,10526.0,53.0,F
3F8C8122C,3F8C8122C,P,1,PASSENGER,10526.0,59.0,M
4088B122C,4088B122C,P,1,PASSENGER,13732.0,82.0,F
3FD06122C,3FD06122C,P,1,PASSENGER,13732.0,75.0,F
40939122C,40939122C,P,1,PASSENGER,10530.0,48.0,F
3F9D3122C,3F9D3122C,P,1,PASSENGER,10530.0,66.0,M
3FC2B122C,3FC2B122C,P,1,PASSENGER,11786.0,45.0,M
3F9D1122C,3F9D1122C,P,1,PASSENGER,11786.0,10.0,M
3FFFD122C,3FFFD122C,P,1,PASSENGER,11786.0,62.0,F
4081E122C,4081E122C,P,1,PASSENGER,10030.0,38.0,M
3FB98122C,3FB98122C,P,1,PASSENGER,10032.0,34.0,F
3FA77122C,3FA77122C,P,1,PASSENGER,10032.0,44.0,M
414D7122C,414D7122C,P,1,PASSENGER,11198.0,49.0,F
3EFCF122C,3EFCF122C,P,1,PASSENGER,11198.0,51.0,M
4014A122C,4014A122C,P,1,PASSENGER,11198.0,25.0,F
3F4BF122C,3F4BF122C,P,1,PASSENGER,10220.0,59.0,M
412AD122C,412AD122C,P,1,PASSENGER,10220.0,57.0,F
3F436122C,3F436122C,P,1,PASSENGER,12652.0,58.0,M
3FECE122C,3FECE122C,P,1,PASSENGER,12002.0,61.0,F
3F592122C,3F592122C,P,1,PASSENGER,12500.0,61.0,M
3F539122C,3F539122C,P,1,PASSENGER,12500.0,37.0,M
3F849122C,3F849122C,P,1,PASSENGER,13592.0,65.0,F
40A0C122C,40A0C122C,P,1,PASSENGER,13628.0,62.0,F
40728122C,40728122C,P,1,PASSENGER,13628.0,62.0,M
405BB122C,405BB122C,P,1,PASSENGER,13622.0,54.0,M
3E202122C,3E202122C,P,1,PASSENGER,13622.0,51.0,F
406FA122C,406FA122C,P,1,PASSENGER,13030.0,52.0,F
4069E122C,4069E122C,P,1,PASSENGER,13030.0,45.0,F
405E2122C,405E2122C,P,1,PASSENGER,13030.0,24.0,F
40084122C,40084122C,P,1,PASSENGER,13030.0,81.0,F
3EEC4122C,3EEC4122C,P,1,PASSENGER,13630.0,46.0,M
415B3122C,415B3122C,P,1,PASSENGER,10236.0,32.0,M
4159A122C,4159A122C,P,1,PASSENGER,10236.0,30.0,F
40642122C,40642122C,P,1,PASSENGER,13590.0,51.0,F
3F848122C,3F848122C,P,1,PASSENGER,13590.0,58.0,M
40215122C,40215122C,P,1,PASSENGER,12782.0,55.0,F
411F5122C,411F5122C,P,1,PASSENGER,12782.0,66.0,F
40448122C,40448122C,P,1,PASSENGER,13626.0,40.0,M
404AC122C,404AC122C,P,1,PASSENGER,13626.0,35.0,F
3F260122C,3F260122C,P,1,PASSENGER,8096.0,65.0,M
3EE71122C,3EE71122C,P,1,PASSENGER,8096.0,62.0,F
3FE77122C,3FE77122C,P,1,PASSENGER,12616.0,33.0,F
408AF122C,408AF122C,P,1,PASSENGER,12616.0,63.0,F
3F25F122C,3F25F122C,P,1,PASSENGER,11272.0,60.0,M
3FC2A122C,3FC2A122C,P,1,PASSENGER,13636.0,66.0,M
403B1122C,403B1122C,P,1,PASSENGER,13636.0,61.0,F
3F84F122C,3F84F122C,P,1,PASSENGER,13562.0,58.0,M
3F604122C,3F604122C,P,1,PASSENGER,13562.0,50.0,M
41418122C,41418122C,P,1,PASSENGER,11122.0,61.0,M
405C0122C,405C0122C,P,1,PASSENGER,11122.0,49.0,F
414A3122C,414A3122C,P,1,PASSENGER,15000.0,54.0,M
4029B122C,4029B122C,P,1,PASSENGER,15380.0,59.0,F
400B9122C,400B9122C,P,1,PASSENGER,15380.0,65.0,M
4076B122C,4076B122C,P,1,PASSENGER,17128.0,55.0,F
3F8ED122C,3F8ED122C,P,1,PASSENGER,13122.0,63.0,M
3F305122C,3F305122C,P,1,PASSENGER,13122.0,59.0,F
40E08122C,40E08122C,P,1,PASSENGER,17068.0,61.0,M
40913122C,40913122C,P,1,PASSENGER,17068.0,46.0,M
40654122C,40654122C,P,1,PASSENGER,15500.0,52.0,M
40195122C,40195122C,P,1,PASSENGER,15500.0,28.0,F
3F768122C,3F768122C,P,1,PASSENGER,8566.0,34.0,M
3F17D122C,3F17D122C,P,1,PASSENGER,8566.0,35.0,
3F517122C,3F517122C,P,1,PASSENGER,11738.0,33.0,M
3FFF7122C,3FFF7122C,P,1,PASSENGER,12122.0,65.0,F
3EE4D122C,3EE4D122C,P,1,PASSENGER,12122.0,29.0,F
3F3D2122C,3F3D2122C,P,1,PASSENGER,12122.0,27.0,M
3F95D122C,3F95D122C,P,1,PASSENGER,10550.0,72.0,M
3F533122C,3F533122C,P,1,PASSENGER,10550.0,61.0,M
3F097122C,3F097122C,P,1,PASSENGER,10550.0,60.0,F
40762122C,40762122C,P,1,PASSENGER,10536.0,66.0,F
3F094122C,3F094122C,P,1,PASSENGER,10536.0,62.0,F
40331122C,40331122C,P,1,PASSENGER,13502.0,64.0,F
3F9D5122C,3F9D5122C,P,1,PASSENGER,13066.0,38.0,M
3F5B3122C,3F5B3122C,P,1,PASSENGER,13066.0,45.0,F
40889122C,40889122C,P,1,PASSENGER,12088.0,88.0,F
4080B122C,4080B122C,P,1,PASSENGER,12088.0,62.0,F
3F34A122C,3F34A122C,P,1,PASSENGER,13638.0,54.0,M
40233122C,40233122C,P,1,PASSENGER,13638.0,37.0,F
409BA122C,409BA122C,P,1,PASSENGER,13726.0,43.0,F
3FFBF122C,3FFBF122C,P,1,PASSENGER,13728.0,44.0,M
3FF73122C,3FF73122C,P,1,PASSENGER,13728.0,39.0,F
3FF7C122C,3FF7C122C,P,1,PASSENGER,13728.0,3.0,M
40985122C,40985122C,P,1,PASSENGER,12676.0,56.0,F
3F603122C,3F603122C,P,1,PASSENGER,12676.0,54.0,M
404E7122C,404E7122C,P,1,PASSENGER,15096.0,78.0,F
4080D122C,4080D122C,P,1,PASSENGER,15096.0,56.0,F
4086A122C,4086A122C,P,1,PASSENGER,17028.0,53.0,M
3FF77122C,3FF77122C,P,1,PASSENGER,17028.0,49.0,M
401AF122C,401AF122C,P,1,PASSENGER,8058.0,60.0,M
3F43F122C,3F43F122C,P,1,PASSENGER,8058.0,59.0,M
3F3C6122C,3F3C6122C,P,1,PASSENGER,11269.0,63.0,F
3F594122C,3F594122C,P,1,PASSENGER,11269.0,56.0,F
3F2D7122C,3F2D7122C,P,1,PASSENGER,13736.0,60.0,M
40298122C,40298122C,P,1,PASSENGER,13736.0,67.0,M
4008D122C,4008D122C,P,1,PASSENGER,15012.0,42.0,M
4032F122C,4032F122C,P,1,PASSENGER,15012.0,43.0,F
404E3122C,404E3122C,P,1,PASSENGER,15012.0,5.0,M
408A7122C,408A7122C,P,1,PASSENGER,15020.0,47.0,F
40E84122C,40E84122C,P,1,PASSENGER,15020.0,18.0,M
3FDC5122C,3FDC5122C,P,1,PASSENGER,12618.0,62.0,M
3F439122C,3F439122C,P,1,PASSENGER,12618.0,67.0,M
40335122C,40335122C,P,1,PASSENGER,15398.0,62.0,M
40F82122C,40F82122C,P,1,PASSENGER,15398.0,51.0,F
40980122C,40980122C,P,1,PASSENGER,13132.0,61.0,F
3EF35122C,3EF35122C,P,1,PASSENGER,13132.0,25.0,F
3F304122C,3F304122C,P,1,PASSENGER,13132.0,30.0,M
3FD32122C,3FD32122C,P,1,PASSENGER,13632.0,59.0,M
3FB92122C,3FB92122C,P,1,PASSENGER,13632.0,54.0,F
40476122C,40476122C,P,1,PASSENGER,12690.0,58.0,M
40563122C,40563122C,P,1,PASSENGER,12690.0,58.0,F
3F84E122C,3F84E122C,P,1,PASSENGER,10186.0,29.0,F
3F5B6122C,3F5B6122C,P,1,PASSENGER,10186.0,56.0,F
3F6EE122C,3F6EE122C,P,1,PASSENGER,10186.0,63.0,M
3F1A5122C,3F1A5122C,P,1,PASSENGER,12550.0,71.0,F
405D8122C,405D8122C,P,1,PASSENGER,12550.0,53.0,F
3EEE8122C,3EEE8122C,P,1,PASSENGER,12550.0,32.0,F
3EF59122C,3EF59122C,P,1,PASSENGER,11152.0,68.0,F
3F17A122C,3F17A122C,P,1,PASSENGER,11152.0,68.0,M
415B1122C,415B1122C,P,1,PASSENGER,11178.0,76.0,F
40443122C,40443122C,P,1,PASSENGER,11178.0,79.0,M
3FCB4122C,3FCB4122C,P,1,PASSENGER,12532.0,50.0,F
3FFC4122C,3FFC4122C,P,1,PASSENGER,12532.0,38.0,M
40646122C,40646122C,P,1,PASSENGER,11182.0,73.0,M
40626122C,40626122C,P,1,PASSENGER,11182.0,71.0,F
3F4BC122C,3F4BC122C,P,1,PASSENGER,10190.0,42.0,F
3FF7B122C,3FF7B122C,P,1,PASSENGER,10180.0,72.0,M
400B2122C,400B2122C,P,1,PASSENGER,10180.0,70.0,F
40774122C,40774122C,P,1,PASSENGER,15502.0,33.0,M
40EF3122C,40EF3122C,P,1,PASSENGER,15502.0,30.0,F
41392122C,41392122C,P,1,PASSENGER,5500.0,61.0,F
4069A122C,4069A122C,P,1,PASSENGER,5500.0,60.0,F
3F6A3122C,3F6A3122C,P,1,PASSENGER,12578.0,69.0,F
3F25C122C,3F25C122C,P,1,PASSENGER,12578.0,77.0,M
3FEF6122C,3FEF6122C,P,1,PASSENGER,12592.0,71.0,M
3FA7F122C,3FA7F122C,P,1,PASSENGER,12592.0,68.0,F
4116E122C,4116E122C,P,1,PASSENGER,12582.0,46.0,M
3F70F122C,3F70F122C,P,1,PASSENGER,12582.0,75.0,M
40534122C,40534122C,P,1,PASSENGER,11188.0,60.0,M
3FB6E122C,3FB6E122C,P,1,PASSENGER,11188.0,58.0,F
40805122C,40805122C,P,1,PASSENGER,15378.0,33.0,M
40905122C,40905122C,P,1,PASSENGER,15378.0,33.0,F
3F43A122C,3F43A122C,P,1,PASSENGER,10682.0,34.0,F
3F3CC122C,3F3CC122C,P,1,PASSENGER,10682.0,35.0,M
3F7F6122C,3F7F6122C,P,1,PASSENGER,9122.0,27.0,F
3FCB0122C,3FCB0122C,P,1,PASSENGER,9122.0,31.0,F
4032C122C,4032C122C,P,1,PASSENGER,12558.0,56.0,M
3F58B122C,3F58B122C,P,1,PASSENGER,12558.0,53.0,F
3F51A122C,3F51A122C,P,1,PASSENGER,12558.0,14.0,F
3F302122C,3F302122C,P,1,PASSENGER,9126.0,60.0,F
4061E122C,4061E122C,P,1,PASSENGER,12138.0,37.0,M
4003D122C,4003D122C,P,1,PASSENGER,12138.0,20.0,F
3F365122C,3F365122C,P,1,PASSENGER,12178.0,59.0,F
3F445122C,3F445122C,P,1,PASSENGER,12178.0,26.0,F
3F628122C,3F628122C,P,1,PASSENGER,11650.0,69.0,F
3FCAF122C,3FCAF122C,P,1,PASSENGER,11650.0,43.0,M
40643122C,40643122C,P,1,PASSENGER,11650.0,4.0,F
40438122C,40438122C,P,1,PASSENGER,11650.0,2.0,F
3FF43122C,3FF43122C,P,1,PASSENGER,11228.0,67.0,M
4058A122C,4058A122C,P,1,PASSENGER,11228.0,43.0,F
3FDC1122C,3FDC1122C,P,1,PASSENGER,11228.0,27.0,M
3F441122C,3F441122C,P,1,PASSENGER,8570.0,60.0,M
41599122C,41599122C,P,1,PASSENGER,8570.0,62.0,M
4090A122C,4090A122C,P,1,PASSENGER,8576.0,77.0,F
4069F122C,4069F122C,P,1,PASSENGER,8576.0,84.0,F
405E1122C,405E1122C,P,1,PASSENGER,8576.0,62.0,M
3EE6A122C,3EE6A122C,P,1,PASSENGER,13078.0,35.0,M
3EEC8122C,3EEC8122C,P,1,PASSENGER,13078.0,36.0,F
4093E122C,4093E122C,P,1,PASSENGER,13538.0,47.0,M
40086122C,40086122C,P,1,PASSENGER,13538.0,58.0,M
3F8C1122C,3F8C1122C,P,1,PASSENGER,13570.0,48.0,M
40535122C,40535122C,P,1,PASSENGER,8586.0,58.0,M
404E8122C,404E8122C,P,1,PASSENGER,8586.0,54.0,F
40E8A122C,40E8A122C,P,1,PASSENGER,8586.0,22.0,M
41411122C,41411122C,P,1,PASSENGER,13082.0,61.0,F
3F34B122C,3F34B122C,P,1,PASSENGER,13082.0,13.0,M
4069B122C,4069B122C,P,1,PASSENGER,8590.0,73.0,M
3F625122C,3F625122C,P,1,PASSENGER,12130.0,55.0,F
3F5B7122C,3F5B7122C,P,1,PASSENGER,12130.0,56.0,M
3F3CB122C,3F3CB122C,P,1,PASSENGER,12130.0,22.0,F
41415122C,41415122C,P,1,PASSENGER,11232.0,71.0,F
40723122C,40723122C,P,1,PASSENGER,11232.0,80.0,F
3F34E122C,3F34E122C,P,1,PASSENGER,8596.0,63.0,F
3F437122C,3F437122C,P,1,PASSENGER,8596.0,64.0,M
3F923122C,3F923122C,P,1,PASSENGER,8580.0,64.0,M
3F7CE122C,3F7CE122C,P,1,PASSENGER,8580.0,58.0,F
3F76E122C,3F76E122C,P,1,PASSENGER,8600.0,61.0,M
3F35C122C,3F35C122C,P,1,PASSENGER,8600.0,59.0,F
414DC122C,414DC122C,P,1,PASSENGER,8606.0,64.0,M
3F99D122C,3F99D122C,P,1,PASSENGER,8610.0,60.0,F
3FD33122C,3FD33122C,P,1,PASSENGER,8610.0,35.0,M
3F221122C,3F221122C,P,1,PASSENGER,12136.0,45.0,M
3F513122C,3F513122C,P,1,PASSENGER,13220.0,73.0,M
3F3C8122C,3F3C8122C,P,1,PASSENGER,13220.0,35.0,M
3FBFC122C,3FBFC122C,P,1,PASSENGER,12182.0,59.0,M
3FB68122C,3FB68122C,P,1,PASSENGER,13168.0,66.0,F
40197122C,40197122C,P,1,PASSENGER,11281.0,65.0,M
3F300122C,3F300122C,P,1,PASSENGER,11281.0,65.0,M
3F67E122C,3F67E122C,P,1,PASSENGER,12188.0,59.0,F
3F3C1122C,3F3C1122C,P,1,PASSENGER,12188.0,63.0,F
3FED0122C,3FED0122C,P,1,PASSENGER,12638.0,60.0,F
400BD122C,400BD122C,P,1,PASSENGER,12638.0,32.0,M
3FBF9122C,3FBF9122C,P,1,PASSENGER,12650.0,42.0,F
3F4B3122C,3F4B3122C,P,1,PASSENGER,10196.0,60.0,M
3F99A122C,3F99A122C,P,1,PASSENGER,10196.0,24.0,M
3F11E122C,3F11E122C,P,1,PASSENGER,11283.0,68.0,M
3F6F0122C,3F6F0122C,P,1,PASSENGER,11283.0,58.0,F
415A9122C,415A9122C,P,1,PASSENGER,12686.0,38.0,F
3F593122C,3F593122C,P,1,PASSENGER,12686.0,37.0,M
3EFDA122C,3EFDA122C,P,1,PASSENGER,13206.0,56.0,F
3F2CD122C,3F2CD122C,P,1,PASSENGER,13206.0,60.0,M
3F35D122C,3F35D122C,P,1,PASSENGER,12680.0,51.0,M
4029F122C,4029F122C,P,1,PASSENGER,12680.0,52.0,M
3FC8A122C,3FC8A122C,P,1,PASSENGER,12680.0,51.0,M
401BB122C,401BB122C,P,1,PASSENGER,11279.0,56.0,F
4019D122C,4019D122C,P,1,PASSENGER,11279.0,25.0,F
3F609122C,3F609122C,P,1,PASSENGER,11285.0,68.0,M
3EFA9122C,3EFA9122C,P,1,PASSENGER,11285.0,64.0,M
4081B122C,4081B122C,P,1,PASSENGER,11285.0,60.0,F
3EE70122C,3EE70122C,P,1,PASSENGER,11285.0,66.0,F
40042122C,40042122C,P,1,PASSENGER,11287.0,66.0,M
3F344122C,3F344122C,P,1,PASSENGER,12688.0,55.0,M
4053F122C,4053F122C,P,1,PASSENGER,10688.0,46.0,F
3F349122C,3F349122C,P,1,PASSENGER,9150.0,42.0,M
40480122C,40480122C,P,1,PASSENGER,9150.0,28.0,F
3F296122C,3F296122C,P,1,PASSENGER,9180.0,43.0,M
3F2D6122C,3F2D6122C,P,1,PASSENGER,9180.0,28.0,F
3F4AC122C,3F4AC122C,P,1,PASSENGER,9180.0,1.0,M
3F95C122C,3F95C122C,P,1,PASSENGER,9130.0,62.0,F
3FF7D122C,3FF7D122C,P,1,PASSENGER,9130.0,65.0,M
3F541122C,3F541122C,P,1,PASSENGER,9130.0,51.0,F
3F2CF122C,3F2CF122C,P,1,PASSENGER,11289.0,72.0,F
3FE45122C,3FE45122C,P,1,PASSENGER,11291.0,70.0,M
3FC28122C,3FC28122C,P,1,PASSENGER,11291.0,41.0,F
3F363122C,3F363122C,P,1,PASSENGER,11291.0,6.0,M
3F6A0122C,3F6A0122C,P,1,PASSENGER,9136.0,65.0,M
4008A122C,4008A122C,P,1,PASSENGER,11192.0,63.0,F
4079A122C,4079A122C,P,1,PASSENGER,11192.0,57.0,M
406F7122C,406F7122C,P,1,PASSENGER,16018.0,64.0,M
3E90E122C,3E90E122C,P,1,PASSENGER,16018.0,64.0,F
3FAD5122C,3FAD5122C,P,1,PASSENGER,9196.0,39.0,M
3F447122C,3F447122C,P,1,PASSENGER,9196.0,39.0,F
3FED5122C,3FED5122C,P,1,PASSENGER,9196.0,11.0,M
3FAF0122C,3FAF0122C,P,1,PASSENGER,9196.0,7.0,F
3F86D122C,3F86D122C,P,1,PASSENGER,9190.0,80.0,F
3F434122C,3F434122C,P,1,PASSENGER,9156.0,65.0,F
3F70E122C,3F70E122C,P,1,PASSENGER,9156.0,63.0,F
40210122C,40210122C,P,1,PASSENGER,15028.0,57.0,M
4032E122C,4032E122C,P,1,PASSENGER,15028.0,26.0,M
40E73122C,40E73122C,P,1,PASSENGER,15028.0,55.0,F
4053A122C,4053A122C,P,1,PASSENGER,15030.0,44.0,F
40326122C,40326122C,P,1,PASSENGER,15030.0,51.0,F
4098B122C,4098B122C,P,1,PASSENGER,15030.0,62.0,F
4077A122C,4077A122C,P,1,PASSENGER,12132.0,66.0,F
3FBF8122C,3FBF8122C,P,1,PASSENGER,12132.0,73.0,M
40D6C122C,40D6C122C,P,1,PASSENGER,12786.0,43.0,M
4008E122C,4008E122C,P,1,PASSENGER,12786.0,35.0,F
3FA06122C,3FA06122C,P,1,PASSENGER,13602.0,54.0,F
40539122C,40539122C,P,1,PASSENGER,13602.0,22.0,F
3F0B9122C,3F0B9122C,P,1,PASSENGER,11722.0,69.0,M
3EFD4122C,3EFD4122C,P,1,PASSENGER,11722.0,68.0,F
405E0122C,405E0122C,P,1,PASSENGER,15090.0,44.0,F
40601122C,40601122C,P,1,PASSENGER,15090.0,3.0,M
407D9122C,407D9122C,P,1,PASSENGER,15090.0,10.0,F
41198122C,41198122C,P,1,PASSENGER,15090.0,28.0,F
40045122C,40045122C,P,1,PASSENGER,15088.0,39.0,F
40807122C,40807122C,P,1,PASSENGER,15088.0,9.0,F
40648122C,40648122C,P,1,PASSENGER,15088.0,7.0,M
4029D122C,4029D122C,P,1,PASSENGER,15088.0,5.0,F
3FD09122C,3FD09122C,P,1,PASSENGER,11728.0,53.0,F
3F180122C,3F180122C,P,1,PASSENGER,10696.0,48.0,F
3EF5B122C,3EF5B122C,P,1,PASSENGER,10696.0,70.0,F
3F095122C,3F095122C,P,1,PASSENGER,11532.0,70.0,M
3F5B1122C,3F5B1122C,P,1,PASSENGER,11532.0,68.0,F
3EEBD122C,3EEBD122C,P,1,PASSENGER,13172.0,58.0,F
3F95A122C,3F95A122C,P,1,PASSENGER,13182.0,71.0,M
4064C122C,4064C122C,P,1,PASSENGER,13182.0,64.0,F
3FA5D122C,3FA5D122C,P,1,PASSENGER,13178.0,48.0,F
3F9D9122C,3F9D9122C,P,1,PASSENGER,13178.0,35.0,F
3F8E3122C,3F8E3122C,P,1,PASSENGER,13178.0,54.0,F
3F4BE122C,3F4BE122C,P,1,PASSENGER,11130.0,36.0,M
40536122C,40536122C,P,1,PASSENGER,11130.0,39.0,F
3CA55122C,3CA55122C,P,1,PASSENGER,15396.0,58.0,M
409BF122C,409BF122C,P,1,PASSENGER,15396.0,26.0,F
3F345122C,3F345122C,P,1,PASSENGER,13188.0,35.0,F
3F225122C,3F225122C,P,1,PASSENGER,13188.0,31.0,F
3FFFB122C,3FFFB122C,P,1,PASSENGER,13188.0,30.0,F
3FF4A122C,3FF4A122C,P,1,PASSENGER,13188.0,29.0,F
408B0122C,408B0122C,P,1,PASSENGER,13672.0,53.0,M
3F8E4122C,3F8E4122C,P,1,PASSENGER,13672.0,26.0,M
3F25A122C,3F25A122C,P,1,PASSENGER,13668.0,51.0,M
3FACE122C,3FACE122C,P,1,PASSENGER,13668.0,47.0,F
3F093122C,3F093122C,P,1,PASSENGER,13712.0,69.0,F
3FCB3122C,3FCB3122C,P,1,PASSENGER,13712.0,73.0,M
3EF32122C,3EF32122C,P,1,PASSENGER,11210.0,56.0,M
3FA14122C,3FA14122C,P,1,PASSENGER,11220.0,56.0,M
40209122C,40209122C,P,1,PASSENGER,13028.0,28.0,M
40799122C,40799122C,P,1,PASSENGER,13028.0,27.0,F
3FA76122C,3FA76122C,P,1,PASSENGER,13116.0,33.0,M
3F9DF122C,3F9DF122C,P,1,PASSENGER,13116.0,33.0,F
3FE76122C,3FE76122C,P,1,PASSENGER,13116.0,12.0,F
3FE46122C,3FE46122C,P,1,PASSENGER,11150.0,43.0,M
40338122C,40338122C,P,1,PASSENGER,11150.0,40.0,M
3FB67122C,3FB67122C,P,1,PASSENGER,12526.0,62.0,F
3F29B122C,3F29B122C,P,1,PASSENGER,12526.0,58.0,F
403B5122C,403B5122C,P,1,PASSENGER,11236.0,36.0,M
3FFC0122C,3FFC0122C,P,1,PASSENGER,13152.0,77.0,F
3FED7122C,3FED7122C,P,1,PASSENGER,13152.0,53.0,M
3FD6D122C,3FD6D122C,P,1,PASSENGER,11280.0,55.0,M
3EA2E122C,3EA2E122C,P,1,PASSENGER,13128.0,32.0,F
405DA122C,405DA122C,P,1,PASSENGER,13128.0,34.0,M
3FC83122C,3FC83122C,P,1,PASSENGER,13128.0,2.0,M
40433122C,40433122C,P,1,PASSENGER,13128.0,27.0,F
40809122C,40809122C,P,1,PASSENGER,15392.0,54.0,F
3FF72122C,3FF72122C,P,1,PASSENGER,15392.0,64.0,M
4065F122C,4065F122C,P,1,PASSENGER,15392.0,54.0,F
3F446122C,3F446122C,P,1,PASSENGER,11510.0,50.0,M
405B7122C,405B7122C,P,1,PASSENGER,11510.0,31.0,M
40409122C,40409122C,P,1,PASSENGER,15382.0,63.0,F
3E318122C,3E318122C,P,1,PASSENGER,15382.0,67.0,M
4010F122C,4010F122C,P,1,PASSENGER,15382.0,28.0,M
40590122C,40590122C,P,1,PASSENGER,15382.0,29.0,F
40F66122C,40F66122C,P,1,PASSENGER,13536.0,61.0,M
4032B122C,4032B122C,P,1,PASSENGER,17138.0,76.0,M
3F10C122C,3F10C122C,P,1,PASSENGER,13618.0,48.0,M
41514122C,41514122C,P,1,PASSENGER,13618.0,78.0,F
40327122C,40327122C,P,1,PASSENGER,15390.0,47.0,F
3E19E122C,3E19E122C,P,1,PASSENGER,12668.0,33.0,F
3FEF0122C,3FEF0122C,P,1,PASSENGER,17218.0,49.0,M
4077122C,4077122C,P,1,PASSENGER,17208.0,46.0,M
4065A122C,4065A122C,P,1,PASSENGER,17208.0,4.0,F
402A0122C,402A0122C,P,1,PASSENGER,17208.0,82.0,M
40219122C,40219122C,P,1,PASSENGER,17208.0,27.0,F
406F6122C,406F6122C,P,1,PASSENGER,17208.0,7.0,F
3F514122C,3F514122C,P,1,PASSENGER,13130.0,49.0,M
3F5B8122C,3F5B8122C,P,1,PASSENGER,13130.0,57.0,F
3F301122C,3F301122C,P,1,PASSENGER,11186.0,34.0,M
3EF54122C,3EF54122C,P,1,PASSENGER,11186.0,43.0,F
3F444122C,3F444122C,P,1,PASSENGER,11126.0,49.0,M
3FE43122C,3FE43122C,P,1,PASSENGER,11126.0,37.0,F
3FEF9122C,3FEF9122C,P,1,PASSENGER,11706.0,31.0,M
4010B122C,4010B122C,P,1,PASSENGER,5569.0,27.0,F
3FB69122C,3FB69122C,P,1,PASSENGER,11199.0,33.0,F
3FDC8122C,3FDC8122C,P,1,PASSENGER,12217.0,29.0,F
3F360122C,3F360122C,P,1,PASSENGER,12223.0,29.0,M
3F29D122C,3F29D122C,P,1,PASSENGER,11180.0,41.0,M
4008C122C,4008C122C,P,1,PASSENGER,13518.0,30.0,M
404A8122C,404A8122C,P,1,PASSENGER,13518.0,26.0,F
40538122C,40538122C,P,1,PASSENGER,9186.0,37.0,M
3F6F4122C,3F6F4122C,P,1,PASSENGER,9186.0,38.0,F
3F6A6122C,3F6A6122C,P,1,PASSENGER,9186.0,6.0,M
3F25E122C,3F25E122C,P,1,PASSENGER,9186.0,8.0,F
3F7C5122C,3F7C5122C,P,1,PASSENGER,11690.0,27.0,M
4064F122C,4064F122C,P,1,PASSENGER,10002.0,35.0,F
40727122C,40727122C,P,1,PASSENGER,10006.0,43.0,F
3EF33122C,3EF33122C,P,1,PASSENGER,11678.0,53.0,M
4022E122C,4022E122C,P,1,PASSENGER,13008.0,29.0,F
411FD122C,411FD122C,P,1,PASSENGER,13010.0,27.0,F
40EF5122C,40EF5122C,P,1,PASSENGER,13032.0,43.0,M
401AD122C,401AD122C,P,1,PASSENGER,13036.0,59.0,F
4029C122C,4029C122C,P,1,PASSENGER,13038.0,59.0,M
4056D122C,4056D122C,P,1,PASSENGER,13550.0,67.0,M
4080A122C,4080A122C,P,1,PASSENGER,13550.0,58.0,F
405B6122C,405B6122C,P,1,PASSENGER,13026.0,38.0,F
4072C122C,4072C122C,P,1,PASSENGER,13026.0,51.0,M
40148122C,40148122C,P,1,PASSENGER,13190.0,27.0,M
40647122C,40647122C,P,1,PASSENGER,13506.0,57.0,M
402A5122C,402A5122C,P,1,PASSENGER,13508.0,53.0,F
402A2122C,402A2122C,P,1,PASSENGER,13510.0,34.0,F
404B0122C,404B0122C,P,1,PASSENGER,11286.0,39.0,M
4029A122C,4029A122C,P,1,PASSENGER,12229.0,31.0,F
415AD122C,415AD122C,P,1,PASSENGER,13610.0,40.0,F
40767122C,40767122C,P,1,PASSENGER,13022.0,56.0,M
4076C122C,4076C122C,P,1,PASSENGER,13022.0,57.0,F
40336122C,40336122C,P,1,PASSENGER,15520.0,72.0,M
404AD122C,404AD122C,P,1,PASSENGER,15520.0,68.0,F
3FE48122C,3FE48122C,P,1,PASSENGER,13062.0,54.0,M
3F535122C,3F535122C,P,1,PASSENGER,13056.0,41.0,M
41326122C,41326122C,P,1,PASSENGER,13678.0,23.0,F
4093A122C,4093A122C,P,1,PASSENGER,13722.0,49.0,F
40001122C,40001122C,P,1,PASSENGER,13688.0,57.0,M
3F13B122C,3F13B122C,P,1,PASSENGER,9116.0,31.0,F
41166122C,41166122C,P,1,PASSENGER,9232.0,31.0,F
3F17F122C,3F17F122C,P,1,PASSENGER,9252.0,41.0,F
414A6122C,414A6122C,P,1,PASSENGER,9722.0,57.0,M
40465122C,40465122C,P,1,PASSENGER,9728.0,32.0,M
3F922122C,3F922122C,P,1,PASSENGER,9732.0,28.0,M
41441122C,41441122C,P,1,PASSENGER,9738.0,56.0,M
41413122C,41413122C,P,1,PASSENGER,9752.0,27.0,F
3FC81122C,3FC81122C,P,1,PASSENGER,9780.0,55.0,M
3F8C6122C,3F8C6122C,P,1,PASSENGER,9786.0,65.0,M
3EFCB122C,3EFCB122C,P,1,PASSENGER,9526.0,29.0,F
3FAD3122C,3FAD3122C,P,1,PASSENGER,9530.0,68.0,M
4056C122C,4056C122C,P,1,PASSENGER,9530.0,66.0,F
4132C122C,4132C122C,P,1,PASSENGER,9538.0,40.0,F
3F76D122C,3F76D122C,P,1,PASSENGER,9552.0,23.0,M
3FDE4122C,3FDE4122C,P,1,PASSENGER,9588.0,45.0,F
3F6F8122C,3F6F8122C,P,1,PASSENGER,11606.0,55.0,F
40192122C,40192122C,P,1,PASSENGER,10200.0,33.0,F
3FAF1122C,3FAF1122C,P,1,PASSENGER,10726.0,23.0,F
3F7FB122C,3F7FB122C,P,1,PASSENGER,10776.0,21.0,M
3F784122C,3F784122C,P,1,PASSENGER,13608.0,42.0,F
40D83122C,40D83122C,P,1,PASSENGER,12282.0,34.0,F
40937122C,40937122C,P,1,PASSENGER,15596.0,56.0,F
3FD05122C,3FD05122C,P,1,PASSENGER,15596.0,65.0,F
404EB122C,404EB122C,P,1,PASSENGER,15050.0,49.0,F
4003F122C,4003F122C,P,1,PASSENGER,13682.0,43.0,M
3FB64122C,3FB64122C,P,1,PASSENGER,13718.0,29.0,F
3F682122C,3F682122C,P,1,PASSENGER,9110.0,21.0,F
40005122C,40005122C,P,1,PASSENGER,9222.0,23.0,M
3FE40122C,3FE40122C,P,1,PASSENGER,9228.0,54.0,M
3FCB2122C,3FCB2122C,P,1,PASSENGER,9238.0,22.0,F
3F850122C,3F850122C,P,1,PASSENGER,9280.0,24.0,M
3F4AE122C,3F4AE122C,P,1,PASSENGER,9288.0,23.0,M
3FD30122C,3FD30122C,P,1,PASSENGER,9292.0,23.0,M
3FFBC122C,3FFBC122C,P,1,PASSENGER,12186.0,39.0,F
4053D122C,4053D122C,P,1,PASSENGER,11138.0,34.0,F
404AF122C,404AF122C,P,1,PASSENGER,12219.0,29.0,M
403A7122C,403A7122C,P,1,PASSENGER,17008.0,37.0,M
40144122C,40144122C,P,1,PASSENGER,17008.0,36.0,M
414A5122C,414A5122C,P,1,PASSENGER,16138.0,60.0,M
413B1122C,413B1122C,P,1,PASSENGER,17238.0,39.0,M
40447122C,40447122C,P,1,PASSENGER,16028.0,36.0,M
3E659122C,3E659122C,P,1,PASSENGER,16028.0,37.0,M
40663122C,40663122C,P,1,PASSENGER,16038.0,30.0,F
414A0122C,414A0122C,P,1,PASSENGER,17318.0,49.0,M
3F21F122C,3F21F122C,P,1,PASSENGER,11620.0,62.0,M
3F77E122C,3F77E122C,P,1,PASSENGER,11620.0,72.0,F
40325122C,40325122C,P,1,PASSENGER,11618.0,36.0,M
3FF75122C,3FF75122C,P,1,PASSENGER,11618.0,28.0,M
3F86C122C,3F86C122C,P,1,PASSENGER,11618.0,25.0,F
40149122C,40149122C,P,1,PASSENGER,15532.0,31.0,M
3FF76122C,3FF76122C,P,1,PASSENGER,15532.0,26.0,M
40446122C,40446122C,P,1,PASSENGER,11116.0,41.0,M
40046122C,40046122C,P,1,PASSENGER,11116.0,30.0,F
3EEE6122C,3EEE6122C,P,1,PASSENGER,11128.0,38.0,M
3F19B122C,3F19B122C,P,1,PASSENGER,11128.0,40.0,M
4154C122C,4154C122C,P,1,PASSENGER,15386.0,31.0,M
40697122C,40697122C,P,1,PASSENGER,15386.0,34.0,M
3F3C9122C,3F3C9122C,P,1,PASSENGER,11132.0,48.0,M
40748122C,40748122C,P,1,PASSENGER,15522.0,38.0,M
414A4122C,414A4122C,P,1,PASSENGER,15522.0,29.0,M
3F3CF122C,3F3CF122C,P,1,PASSENGER,13068.0,44.0,M
3FD04122C,3FD04122C,P,1,PASSENGER,13068.0,18.0,F
400B4122C,400B4122C,P,1,PASSENGER,13068.0,16.0,M
3FEF1122C,3FEF1122C,P,1,PASSENGER,11622.0,65.0,F
3F224122C,3F224122C,P,1,PASSENGER,12098.0,52.0,M
3F67A122C,3F67A122C,P,1,PASSENGER,12098.0,49.0,M
41446122C,41446122C,P,1,PASSENGER,17288.0,41.0,M
40729122C,40729122C,P,1,PASSENGER,17118.0,50.0,M
3E703122C,3E703122C,P,1,PASSENGER,15518.0,59.0,F
3F86E122C,3F86E122C,P,1,PASSENGER,13560.0,57.0,M
3F3C3122C,3F3C3122C,P,1,PASSENGER,13560.0,51.0,F
3F8E5122C,3F8E5122C,P,1,PASSENGER,11626.0,48.0,M
3F994122C,3F994122C,P,1,PASSENGER,11630.0,53.0,M
3F0C0122C,3F0C0122C,P,1,PASSENGER,11630.0,44.0,M
3FD70122C,3FD70122C,P,1,PASSENGER,13572.0,45.0,M
3F4B5122C,3F4B5122C,P,1,PASSENGER,13572.0,44.0,F
3FC82122C,3FC82122C,P,1,PASSENGER,13572.0,7.0,M
3F6A5122C,3F6A5122C,P,1,PASSENGER,13568.0,45.0,M
3F624122C,3F624122C,P,1,PASSENGER,13568.0,41.0,F
3EE6E122C,3EE6E122C,P,1,PASSENGER,13568.0,9.0,M
3FA12122C,3FA12122C,P,1,PASSENGER,13086.0,39.0,M
3F3BC122C,3F3BC122C,P,1,PASSENGER,13070.0,27.0,M
3FACF122C,3FACF122C,P,1,PASSENGER,13076.0,37.0,M
3F09D122C,3F09D122C,P,1,PASSENGER,13072.0,40.0,M
41447122C,41447122C,P,1,PASSENGER,11230.0,41.0,M
3FE71122C,3FE71122C,P,1,PASSENGER,11226.0,34.0,F
414E0122C,414E0122C,P,1,PASSENGER,11250.0,37.0,M
402A1122C,402A1122C,P,1,PASSENGER,15530.0,0.0,F
40444122C,40444122C,P,1,PASSENGER,15530.0,29.0,F
40591122C,40591122C,P,1,PASSENGER,16008.0,34.0,M
4020C122C,4020C122C,P,1,PASSENGER,13192.0,47.0,F
40234122C,40234122C,P,1,PASSENGER,13192.0,47.0,M
3FA7D122C,3FA7D122C,P,1,PASSENGER,13656.0,70.0,F
3F516122C,3F516122C,P,1,PASSENGER,13656.0,20.0,F
40A0E122C,40A0E122C,P,1,PASSENGER,13226.0,51.0,M
3FAEE122C,3FAEE122C,P,1,PASSENGER,13226.0,31.0,M
3EF5A122C,3EF5A122C,P,1,PASSENGER,13226.0,46.0,M
3F2FE122C,3F2FE122C,P,1,PASSENGER,15590.0,39.0,F
3F433122C,3F433122C,P,1,PASSENGER,11616.0,34.0,M
4088F122C,4088F122C,P,1,PASSENGER,11616.0,35.0,F
3FC89122C,3FC89122C,P,1,PASSENGER,9298.0,31.0,F
40332122C,40332122C,P,1,PASSENGER,15518.0,59.0,M
3FE6F122C,3FE6F122C,P,1,PASSENGER,11252.0,50.0,M
402A9122C,402A9122C,P,1,PASSENGER,11022.0,26.0,M
4119D122C,4119D122C,P,1,PASSENGER,13088.0,30.0,F
3FFC2122C,3FFC2122C,P,1,PASSENGER,15388.0,45.0,M
40334122C,40334122C,P,1,PASSENGER,15388.0,36.0,F
40606122C,40606122C,P,1,PASSENGER,16138.0,34.0,F
3DA95122C,3DA95122C,P,1,PASSENGER,11026.0,27.0,F
3FA7E122C,3FA7E122C,P,1,PASSENGER,10120.0,25.0,M
3FA0A122C,3FA0A122C,P,1,PASSENGER,10120.0,31.0,M
412FC122C,412FC122C,P,1,PASSENGER,13002.0,,
40147122C,40147122C,P,1,PASSENGER,13532.0,24.0,F
4149C122C,4149C122C,P,1,PASSENGER,12736.0,49.0,M
404FC122C,404FC122C,P,1,PASSENGER,13050.0,15.0,F
400BF122C,400BF122C,P,1,PASSENGER,13052.0,12.0,F
40105122C,40105122C,P,1,PASSENGER,11786.0,7.0,M
3FBFA122C,3FBFA122C,P,1,PASSENGER,11272.0,45.0,M
410E6122C,410E6122C,P,1,PASSENGER,13062.0,53.0,M
40DF1122C,40DF1122C,P,1,PASSENGER,17008.0,30.0,M
402AC122C,402AC122C,P,1,PASSENGER,16168.0,33.0,M
40500122C,40500122C,P,1,PASSENGER,16038.0,39.0,M
40208122C,40208122C,P,1,PASSENGER,15532.0,37.0,M
3FF4B122C,3FF4B122C,P,1,PASSENGER,17288.0,34.0,M
404B1122C,404B1122C,P,1,PASSENGER,16008.0,35.0,M
407D4122C,407D4122C,P,1,PASSENGER,17318.0,32.0,F
3F76F122C,3F76F122C,P,1,PASSENGER,12032.0,54.0,M
4079F122C,4079F122C,P,1,PASSENGER,12026.0,45.0,F
3FD73122C,3FD73122C,P,1,PASSENGER,12028.0,46.0,M
411F6122C,411F6122C,P,1,PASSENGER,12652.0,62.0,M
40146122C,40146122C,P,1,PASSENGER,11136.0,41.0,F
408AD122C,408AD122C,P,1,PASSENGER,11136.0,44.0,M
40724122C,40724122C,P,1,PASSENGER,16028.0,37.0,M
3FFFF122C,3FFFF122C,P,1,PASSENGER,10297.0,48.0,F
3F7CD122C,3F7CD122C,P,1,PASSENGER,10297.0,28.0,F
3F139122C,3F139122C,P,1,PASSENGER,12038.0,35.0,F
3F34D122C,3F34D122C,P,1,PASSENGER,12038.0,34.0,F
3FDC0122C,3FDC0122C,P,1,PASSENGER,12626.0,39.0,F
3F43D122C,3F43D122C,P,1,PASSENGER,12626.0,42.0,F
3F2CE122C,3F2CE122C,P,1,PASSENGER,12036.0,68.0,F
3F13A122C,3F13A122C,P,1,PASSENGER,12036.0,73.0,M
3F626122C,3F626122C,P,1,PASSENGER,13652.0,36.0,M
4047C122C,4047C122C,P,1,PASSENGER,13679.0,57.0,F
3F43C122C,3F43C122C,P,1,PASSENGER,13652.0,35.0,F
3FF79122C,3FF79122C,P,1,PASSENGER,13566.0,74.0,F
40572122C,40572122C,P,1,PASSENGER,13502.0,63.0,M
408AB122C,408AB122C,P,1,PASSENGER,12086.0,68.0,F
3F920122C,3F920122C,P,1,PASSENGER,13168.0,31.0,F
